ClassID,Theme,Class Name,Instructor,Schedule,Location,Capacity,Status,Link to Class,Class Description,Equipment Requirements
S0101,Transportation & Mobility,The Telephone to the Smartphone,TBD,TBD,TBD,TBD,Active,TBD,"Comprehensive STEM class exploring The Telephone to the Smartphone. Students engage in hands-on projects, design challenges, and real-world applications. Learn cutting-edge technologies and engineering principles through interactive learning experiences.","Design software, testing equipment, educational materials, analysis tools, simulation software, prototyping materials"
S0102,Transportation & Mobility,Stephenson's Rocket to Tesla's Starship,TBD,TBD,TBD,TBD,Active,TBD,"Comprehensive STEM class exploring Stephenson's Rocket to Tesla's Starship. Students engage in hands-on projects, design challenges, and real-world applications. Learn cutting-edge technologies and engineering principles through interactive learning experiences.","Design software, testing equipment, educational materials, analysis tools, simulation software, prototyping materials"
S0103,Transportation & Mobility,The Wright Brothers' First Flight,TBD,TBD,TBD,TBD,Active,TBD,"Comprehensive STEM class exploring The Wright Brothers' First Flight. Students engage in hands-on projects, design challenges, and real-world applications. Learn cutting-edge technologies and engineering principles through interactive learning experiences.","Design software, testing equipment, educational materials, analysis tools, simulation software, prototyping materials"
S0104,Transportation & Mobility,From Horse Carriages to Electric Vehicles,TBD,TBD,TBD,TBD,Active,TBD,"Comprehensive STEM class exploring From Horse Carriages to Electric Vehicles. Students engage in hands-on projects, design challenges, and real-world applications. Learn cutting-edge technologies and engineering principles through interactive learning experiences.","Design software, testing equipment, educational materials, analysis tools, simulation software, prototyping materials"
S0105,Transportation & Mobility,The Bicycle Revolution,TBD,TBD,TBD,TBD,Active,TBD,"Comprehensive STEM class exploring The Bicycle Revolution. Students engage in hands-on projects, design challenges, and real-world applications. Learn cutting-edge technologies and engineering principles through interactive learning experiences.","Design software, testing equipment, educational materials, analysis tools, simulation software, prototyping materials"
S0106,Transportation & Mobility,Maglev Trains & Hyperloop,TBD,TBD,TBD,TBD,Active,TBD,"Comprehensive STEM class exploring Maglev Trains & Hyperloop. Students engage in hands-on projects, design challenges, and real-world applications. Learn cutting-edge technologies and engineering principles through interactive learning experiences.","Design software, testing equipment, educational materials, analysis tools, simulation software, prototyping materials"
S0107,Transportation & Mobility,The Panama Canal to Modern Waterway Engineering,TBD,TBD,TBD,TBD,Active,TBD,"Comprehensive STEM class exploring The Panama Canal to Modern Waterway Engineering. Students engage in hands-on projects, design challenges, and real-world applications. Learn cutting-edge technologies and engineering principles through interactive learning experiences.","Design software, testing equipment, educational materials, analysis tools, simulation software, prototyping materials"
S0108,Transportation & Mobility,From Sailing Ships to Container Vessels,TBD,TBD,TBD,TBD,Active,TBD,"Comprehensive STEM class exploring From Sailing Ships to Container Vessels. Students engage in hands-on projects, design challenges, and real-world applications. Learn cutting-edge technologies and engineering principles through interactive learning experiences.","Design software, testing equipment, educational materials, analysis tools, simulation software, prototyping materials"
S0109,Transportation & Mobility,The London Underground to Modern Metro Systems,TBD,TBD,TBD,TBD,Active,TBD,"Comprehensive STEM class exploring The London Underground to Modern Metro Systems. Students engage in hands-on projects, design challenges, and real-world applications. Learn cutting-edge technologies and engineering principles through interactive learning experiences.","Design software, testing equipment, educational materials, analysis tools, simulation software, prototyping materials"
S0110,Transportation & Mobility,Tunneling Through Mountains: From Blasting to Boring Machines,TBD,TBD,TBD,TBD,Active,TBD,"Comprehensive STEM class exploring Tunneling Through Mountains: From Blasting to Boring Machines. Students engage in hands-on projects, design challenges, and real-world applications. Learn cutting-edge technologies and engineering principles through interactive learning experiences.","Design software, testing equipment, educational materials, analysis tools, simulation software, prototyping materials"
S0201,Architecture & Structures,The Eiffel Tower to Modern Skyscrapers,TBD,TBD,TBD,TBD,Active,TBD,"Comprehensive STEM class exploring The Eiffel Tower to Modern Skyscrapers. Students engage in hands-on projects, design challenges, and real-world applications. Learn cutting-edge technologies and engineering principles through interactive learning experiences.","Design software, testing equipment, educational materials, analysis tools, simulation software, prototyping materials"
S0202,Architecture & Structures,Roman Arches to Modern Suspension Bridges,TBD,TBD,TBD,TBD,Active,TBD,"Comprehensive STEM class exploring Roman Arches to Modern Suspension Bridges. Students engage in hands-on projects, design challenges, and real-world applications. Learn cutting-edge technologies and engineering principles through interactive learning experiences.","Design software, testing equipment, educational materials, analysis tools, simulation software, prototyping materials"
S0203,Architecture & Structures,The Great Wall of China: Ancient Defense to Modern Barriers,TBD,TBD,TBD,TBD,Active,TBD,"Comprehensive STEM class exploring The Great Wall of China: Ancient Defense to Modern Barriers. Students engage in hands-on projects, design challenges, and real-world applications. Learn cutting-edge technologies and engineering principles through interactive learning experiences.","Design software, testing equipment, educational materials, analysis tools, simulation software, prototyping materials"
S0204,Architecture & Structures,Domes: From Pantheon to Geodesic Domes,TBD,TBD,TBD,TBD,Active,TBD,"Comprehensive STEM class exploring Domes: From Pantheon to Geodesic Domes. Students engage in hands-on projects, design challenges, and real-world applications. Learn cutting-edge technologies and engineering principles through interactive learning experiences.","Design software, testing equipment, educational materials, analysis tools, simulation software, prototyping materials"
S0205,Architecture & Structures,The Crystal Palace to Modern Glass Architecture,TBD,TBD,TBD,TBD,Active,TBD,"Comprehensive STEM class exploring The Crystal Palace to Modern Glass Architecture. Students engage in hands-on projects, design challenges, and real-world applications. Learn cutting-edge technologies and engineering principles through interactive learning experiences.","Design software, testing equipment, educational materials, analysis tools, simulation software, prototyping materials"
S0206,Architecture & Structures,Pyramids: Ancient Engineering Marvels,TBD,TBD,TBD,TBD,Active,TBD,"Comprehensive STEM class exploring Pyramids: Ancient Engineering Marvels. Students engage in hands-on projects, design challenges, and real-world applications. Learn cutting-edge technologies and engineering principles through interactive learning experiences.","Design software, testing equipment, educational materials, analysis tools, simulation software, prototyping materials"
S0207,Architecture & Structures,The Sydney Opera House: Organic Architecture,TBD,TBD,TBD,TBD,Active,TBD,"Comprehensive STEM class exploring The Sydney Opera House: Organic Architecture. Students engage in hands-on projects, design challenges, and real-world applications. Learn cutting-edge technologies and engineering principles through interactive learning experiences.","Design software, testing equipment, educational materials, analysis tools, simulation software, prototyping materials"
S0208,Architecture & Structures,Sustainable Architecture: From Vernacular to Green Buildings,TBD,TBD,TBD,TBD,Active,TBD,"Comprehensive STEM class exploring Sustainable Architecture: From Vernacular to Green Buildings. Students engage in hands-on projects, design challenges, and real-world applications. Learn cutting-edge technologies and engineering principles through interactive learning experiences.","Design software, testing equipment, educational materials, analysis tools, simulation software, prototyping materials"
S0209,Architecture & Structures,The Burj Khalifa: Engineering at the Limit,TBD,TBD,TBD,TBD,Active,TBD,"Comprehensive STEM class exploring The Burj Khalifa: Engineering at the Limit. Students engage in hands-on projects, design challenges, and real-world applications. Learn cutting-edge technologies and engineering principles through interactive learning experiences.","Design software, testing equipment, educational materials, analysis tools, simulation software, prototyping materials"
S0210,Architecture & Structures,Floating Architecture: From Houseboats to Floating Cities,TBD,TBD,TBD,TBD,Active,TBD,"Comprehensive STEM class exploring Floating Architecture: From Houseboats to Floating Cities. Students engage in hands-on projects, design challenges, and real-world applications. Learn cutting-edge technologies and engineering principles through interactive learning experiences.","Design software, testing equipment, educational materials, analysis tools, simulation software, prototyping materials"
S0301,Energy & Power,From Candles to Electric Lighting,TBD,TBD,TBD,TBD,Active,TBD,"Comprehensive STEM class exploring From Candles to Electric Lighting. Students engage in hands-on projects, design challenges, and real-world applications. Learn cutting-edge technologies and engineering principles through interactive learning experiences.","Design software, testing equipment, educational materials, analysis tools, simulation software, prototyping materials"
S0302,Energy & Power,Steam Engines to Internal Combustion,TBD,TBD,TBD,TBD,Active,TBD,"Comprehensive STEM class exploring Steam Engines to Internal Combustion. Students engage in hands-on projects, design challenges, and real-world applications. Learn cutting-edge technologies and engineering principles through interactive learning experiences.","Design software, testing equipment, educational materials, analysis tools, simulation software, prototyping materials"
S0303,Energy & Power,Hydroelectric Power: From Water Wheels to Dams,TBD,TBD,TBD,TBD,Active,TBD,"Comprehensive STEM class exploring Hydroelectric Power: From Water Wheels to Dams. Students engage in hands-on projects, design challenges, and real-world applications. Learn cutting-edge technologies and engineering principles through interactive learning experiences.","Design software, testing equipment, educational materials, analysis tools, simulation software, prototyping materials"
S0304,Energy & Power,Wind Power: From Windmills to Modern Turbines,TBD,TBD,TBD,TBD,Active,TBD,"Comprehensive STEM class exploring Wind Power: From Windmills to Modern Turbines. Students engage in hands-on projects, design challenges, and real-world applications. Learn cutting-edge technologies and engineering principles through interactive learning experiences.","Design software, testing equipment, educational materials, analysis tools, simulation software, prototyping materials"
S0305,Energy & Power,Solar Energy: From Photovoltaic Cells to Solar Cities,TBD,TBD,TBD,TBD,Active,TBD,"Comprehensive STEM class exploring Solar Energy: From Photovoltaic Cells to Solar Cities. Students engage in hands-on projects, design challenges, and real-world applications. Learn cutting-edge technologies and engineering principles through interactive learning experiences.","Design software, testing equipment, educational materials, analysis tools, simulation software, prototyping materials"
S0306,Energy & Power,Nuclear Energy: From Discovery to Modern Reactors,TBD,TBD,TBD,TBD,Active,TBD,"Comprehensive STEM class exploring Nuclear Energy: From Discovery to Modern Reactors. Students engage in hands-on projects, design challenges, and real-world applications. Learn cutting-edge technologies and engineering principles through interactive learning experiences.","Design software, testing equipment, educational materials, analysis tools, simulation software, prototyping materials"
S0307,Energy & Power,Geothermal Energy: Tapping Earth's Heat,TBD,TBD,TBD,TBD,Active,TBD,"Comprehensive STEM class exploring Geothermal Energy: Tapping Earth's Heat. Students engage in hands-on projects, design challenges, and real-world applications. Learn cutting-edge technologies and engineering principles through interactive learning experiences.","Design software, testing equipment, educational materials, analysis tools, simulation software, prototyping materials"
S0308,Energy & Power,Battery Technology: From Volta to Lithium-Ion,TBD,TBD,TBD,TBD,Active,TBD,"Comprehensive STEM class exploring Battery Technology: From Volta to Lithium-Ion. Students engage in hands-on projects, design challenges, and real-world applications. Learn cutting-edge technologies and engineering principles through interactive learning experiences.","Design software, testing equipment, educational materials, analysis tools, simulation software, prototyping materials"
S0309,Energy & Power,The Grid: From Edison to Smart Grids,TBD,TBD,TBD,TBD,Active,TBD,"Comprehensive STEM class exploring The Grid: From Edison to Smart Grids. Students engage in hands-on projects, design challenges, and real-world applications. Learn cutting-edge technologies and engineering principles through interactive learning experiences.","Design software, testing equipment, educational materials, analysis tools, simulation software, prototyping materials"
S0310,Energy & Power,Fusion Energy: The Future of Power,TBD,TBD,TBD,TBD,Active,TBD,"Comprehensive STEM class exploring Fusion Energy: The Future of Power. Students engage in hands-on projects, design challenges, and real-world applications. Learn cutting-edge technologies and engineering principles through interactive learning experiences.","Design software, testing equipment, educational materials, analysis tools, simulation software, prototyping materials"
S0401,Water & Sanitation,Ancient Aqueducts to Modern Water Systems,TBD,TBD,TBD,TBD,Active,TBD,"Comprehensive STEM class exploring Ancient Aqueducts to Modern Water Systems. Students engage in hands-on projects, design challenges, and real-world applications. Learn cutting-edge technologies and engineering principles through interactive learning experiences.","Design software, testing equipment, educational materials, analysis tools, simulation software, prototyping materials"
S0402,Water & Sanitation,Water Purification: From Boiling to Nanotechnology,TBD,TBD,TBD,TBD,Active,TBD,"Comprehensive STEM class exploring Water Purification: From Boiling to Nanotechnology. Students engage in hands-on projects, design challenges, and real-world applications. Learn cutting-edge technologies and engineering principles through interactive learning experiences.","Design software, testing equipment, educational materials, analysis tools, simulation software, prototyping materials"
S0403,Water & Sanitation,Sewage Systems: From Open Drains to Treatment Plants,TBD,TBD,TBD,TBD,Active,TBD,"Comprehensive STEM class exploring Sewage Systems: From Open Drains to Treatment Plants. Students engage in hands-on projects, design challenges, and real-world applications. Learn cutting-edge technologies and engineering principles through interactive learning experiences.","Design software, testing equipment, educational materials, analysis tools, simulation software, prototyping materials"
S0404,Water & Sanitation,Desalination: Creating Fresh Water from the Sea,TBD,TBD,TBD,TBD,Active,TBD,"Comprehensive STEM class exploring Desalination: Creating Fresh Water from the Sea. Students engage in hands-on projects, design challenges, and real-world applications. Learn cutting-edge technologies and engineering principles through interactive learning experiences.","Design software, testing equipment, educational materials, analysis tools, simulation software, prototyping materials"
S0405,Water & Sanitation,Dams & Reservoirs: Water Storage Engineering,TBD,TBD,TBD,TBD,Active,TBD,"Comprehensive STEM class exploring Dams & Reservoirs: Water Storage Engineering. Students engage in hands-on projects, design challenges, and real-world applications. Learn cutting-edge technologies and engineering principles through interactive learning experiences.","Design software, testing equipment, educational materials, analysis tools, simulation software, prototyping materials"
S0406,Water & Sanitation,Flood Management: From Levees to Smart Systems,TBD,TBD,TBD,TBD,Active,TBD,"Comprehensive STEM class exploring Flood Management: From Levees to Smart Systems. Students engage in hands-on projects, design challenges, and real-world applications. Learn cutting-edge technologies and engineering principles through interactive learning experiences.","Design software, testing equipment, educational materials, analysis tools, simulation software, prototyping materials"
S0407,Water & Sanitation,Irrigation: From Ancient Channels to Drip Systems,TBD,TBD,TBD,TBD,Active,TBD,"Comprehensive STEM class exploring Irrigation: From Ancient Channels to Drip Systems. Students engage in hands-on projects, design challenges, and real-world applications. Learn cutting-edge technologies and engineering principles through interactive learning experiences.","Design software, testing equipment, educational materials, analysis tools, simulation software, prototyping materials"
S0408,Water & Sanitation,Wastewater Recycling: From Waste to Resource,TBD,TBD,TBD,TBD,Active,TBD,"Comprehensive STEM class exploring Wastewater Recycling: From Waste to Resource. Students engage in hands-on projects, design challenges, and real-world applications. Learn cutting-edge technologies and engineering principles through interactive learning experiences.","Design software, testing equipment, educational materials, analysis tools, simulation software, prototyping materials"
S0409,Water & Sanitation,Stormwater Management: Urban Water Solutions,TBD,TBD,TBD,TBD,Active,TBD,"Comprehensive STEM class exploring Stormwater Management: Urban Water Solutions. Students engage in hands-on projects, design challenges, and real-world applications. Learn cutting-edge technologies and engineering principles through interactive learning experiences.","Design software, testing equipment, educational materials, analysis tools, simulation software, prototyping materials"
S0410,Water & Sanitation,Water Quality Monitoring: From Testing to IoT,TBD,TBD,TBD,TBD,Active,TBD,"Comprehensive STEM class exploring Water Quality Monitoring: From Testing to IoT. Students engage in hands-on projects, design challenges, and real-world applications. Learn cutting-edge technologies and engineering principles through interactive learning experiences.","Design software, testing equipment, educational materials, analysis tools, simulation software, prototyping materials"
S0501,Materials & Manufacturing,Iron to Steel: The Industrial Revolution,TBD,TBD,TBD,TBD,Active,TBD,"Comprehensive STEM class exploring Iron to Steel: The Industrial Revolution. Students engage in hands-on projects, design challenges, and real-world applications. Learn cutting-edge technologies and engineering principles through interactive learning experiences.","Design software, testing equipment, educational materials, analysis tools, simulation software, prototyping materials"
S0502,Materials & Manufacturing,Concrete: From Roman Concrete to High-Performance Mixes,TBD,TBD,TBD,TBD,Active,TBD,"Comprehensive STEM class exploring Concrete: From Roman Concrete to High-Performance Mixes. Students engage in hands-on projects, design challenges, and real-world applications. Learn cutting-edge technologies and engineering principles through interactive learning experiences.","Design software, testing equipment, educational materials, analysis tools, simulation software, prototyping materials"
S0503,Materials & Manufacturing,Glass: From Sand to Smart Glass,TBD,TBD,TBD,TBD,Active,TBD,"Comprehensive STEM class exploring Glass: From Sand to Smart Glass. Students engage in hands-on projects, design challenges, and real-world applications. Learn cutting-edge technologies and engineering principles through interactive learning experiences.","Design software, testing equipment, educational materials, analysis tools, simulation software, prototyping materials"
S0504,Materials & Manufacturing,Plastics: From Bakelite to Biodegradable Polymers,TBD,TBD,TBD,TBD,Active,TBD,"Comprehensive STEM class exploring Plastics: From Bakelite to Biodegradable Polymers. Students engage in hands-on projects, design challenges, and real-world applications. Learn cutting-edge technologies and engineering principles through interactive learning experiences.","Design software, testing equipment, educational materials, analysis tools, simulation software, prototyping materials"
S0505,Materials & Manufacturing,Ceramics & Composites: Advanced Materials,TBD,TBD,TBD,TBD,Active,TBD,"Comprehensive STEM class exploring Ceramics & Composites: Advanced Materials. Students engage in hands-on projects, design challenges, and real-world applications. Learn cutting-edge technologies and engineering principles through interactive learning experiences.","Design software, testing equipment, educational materials, analysis tools, simulation software, prototyping materials"
S0506,Materials & Manufacturing,Textiles: From Hand Weaving to Smart Fabrics,TBD,TBD,TBD,TBD,Active,TBD,"Comprehensive STEM class exploring Textiles: From Hand Weaving to Smart Fabrics. Students engage in hands-on projects, design challenges, and real-world applications. Learn cutting-edge technologies and engineering principles through interactive learning experiences.","Design software, testing equipment, educational materials, analysis tools, simulation software, prototyping materials"
S0507,Materials & Manufacturing,3D Printing: Additive Manufacturing Revolution,TBD,TBD,TBD,TBD,Active,TBD,"Comprehensive STEM class exploring 3D Printing: Additive Manufacturing Revolution. Students engage in hands-on projects, design challenges, and real-world applications. Learn cutting-edge technologies and engineering principles through interactive learning experiences.","Design software, testing equipment, educational materials, analysis tools, simulation software, prototyping materials"
S0508,Materials & Manufacturing,Nanotechnology: Engineering at the Atomic Scale,TBD,TBD,TBD,TBD,Active,TBD,"Comprehensive STEM class exploring Nanotechnology: Engineering at the Atomic Scale. Students engage in hands-on projects, design challenges, and real-world applications. Learn cutting-edge technologies and engineering principles through interactive learning experiences.","Design software, testing equipment, educational materials, analysis tools, simulation software, prototyping materials"
S0509,Materials & Manufacturing,Graphene & 2D Materials: The Future of Materials,TBD,TBD,TBD,TBD,Active,TBD,"Comprehensive STEM class exploring Graphene & 2D Materials: The Future of Materials. Students engage in hands-on projects, design challenges, and real-world applications. Learn cutting-edge technologies and engineering principles through interactive learning experiences.","Design software, testing equipment, educational materials, analysis tools, simulation software, prototyping materials"
S0510,Materials & Manufacturing,Biomaterials: Nature-Inspired Engineering,TBD,TBD,TBD,TBD,Active,TBD,"Comprehensive STEM class exploring Biomaterials: Nature-Inspired Engineering. Students engage in hands-on projects, design challenges, and real-world applications. Learn cutting-edge technologies and engineering principles through interactive learning experiences.","Design software, testing equipment, educational materials, analysis tools, simulation software, prototyping materials"
S0601,Communication & Information,From Telegraph to Internet,TBD,TBD,TBD,TBD,Active,TBD,"Comprehensive STEM class exploring From Telegraph to Internet. Students engage in hands-on projects, design challenges, and real-world applications. Learn cutting-edge technologies and engineering principles through interactive learning experiences.","Design software, testing equipment, educational materials, analysis tools, simulation software, prototyping materials"
S0602,Communication & Information,Radio: From Marconi to Modern Broadcasting,TBD,TBD,TBD,TBD,Active,TBD,"Comprehensive STEM class exploring Radio: From Marconi to Modern Broadcasting. Students engage in hands-on projects, design challenges, and real-world applications. Learn cutting-edge technologies and engineering principles through interactive learning experiences.","Design software, testing equipment, educational materials, analysis tools, simulation software, prototyping materials"
S0603,Communication & Information,Television: From Mechanical to Digital,TBD,TBD,TBD,TBD,Active,TBD,"Comprehensive STEM class exploring Television: From Mechanical to Digital. Students engage in hands-on projects, design challenges, and real-world applications. Learn cutting-edge technologies and engineering principles through interactive learning experiences.","Design software, testing equipment, educational materials, analysis tools, simulation software, prototyping materials"
S0604,Communication & Information,Photography: From Film to Digital Imaging,TBD,TBD,TBD,TBD,Active,TBD,"Comprehensive STEM class exploring Photography: From Film to Digital Imaging. Students engage in hands-on projects, design challenges, and real-world applications. Learn cutting-edge technologies and engineering principles through interactive learning experiences.","Design software, testing equipment, educational materials, analysis tools, simulation software, prototyping materials"
S0605,Communication & Information,Computing: From Babbage to Quantum Computers,TBD,TBD,TBD,TBD,Active,TBD,"Comprehensive STEM class exploring Computing: From Babbage to Quantum Computers. Students engage in hands-on projects, design challenges, and real-world applications. Learn cutting-edge technologies and engineering principles through interactive learning experiences.","Design software, testing equipment, educational materials, analysis tools, simulation software, prototyping materials"
S0606,Communication & Information,The Internet of Things: Connected Everything,TBD,TBD,TBD,TBD,Active,TBD,"Comprehensive STEM class exploring The Internet of Things: Connected Everything. Students engage in hands-on projects, design challenges, and real-world applications. Learn cutting-edge technologies and engineering principles through interactive learning experiences.","Design software, testing equipment, educational materials, analysis tools, simulation software, prototyping materials"
S0607,Communication & Information,Artificial Intelligence: From Logic to Machine Learning,TBD,TBD,TBD,TBD,Active,TBD,"Comprehensive STEM class exploring Artificial Intelligence: From Logic to Machine Learning. Students engage in hands-on projects, design challenges, and real-world applications. Learn cutting-edge technologies and engineering principles through interactive learning experiences.","Design software, testing equipment, educational materials, analysis tools, simulation software, prototyping materials"
S0608,Communication & Information,Cybersecurity: Protecting Digital Infrastructure,TBD,TBD,TBD,TBD,Active,TBD,"Comprehensive STEM class exploring Cybersecurity: Protecting Digital Infrastructure. Students engage in hands-on projects, design challenges, and real-world applications. Learn cutting-edge technologies and engineering principles through interactive learning experiences.","Design software, testing equipment, educational materials, analysis tools, simulation software, prototyping materials"
S0609,Communication & Information,Data Science: From Statistics to Big Data,TBD,TBD,TBD,TBD,Active,TBD,"Comprehensive STEM class exploring Data Science: From Statistics to Big Data. Students engage in hands-on projects, design challenges, and real-world applications. Learn cutting-edge technologies and engineering principles through interactive learning experiences.","Design software, testing equipment, educational materials, analysis tools, simulation software, prototyping materials"
S0610,Communication & Information,Virtual & Augmented Reality: Immersive Technology,TBD,TBD,TBD,TBD,Active,TBD,"Comprehensive STEM class exploring Virtual & Augmented Reality: Immersive Technology. Students engage in hands-on projects, design challenges, and real-world applications. Learn cutting-edge technologies and engineering principles through interactive learning experiences.","Design software, testing equipment, educational materials, analysis tools, simulation software, prototyping materials"
S0701,Medicine & Health,From Bloodletting to Modern Surgery,TBD,TBD,TBD,TBD,Active,TBD,"Comprehensive STEM class exploring From Bloodletting to Modern Surgery. Students engage in hands-on projects, design challenges, and real-world applications. Learn cutting-edge technologies and engineering principles through interactive learning experiences.","Design software, testing equipment, educational materials, analysis tools, simulation software, prototyping materials"
S0702,Medicine & Health,X-Rays to Medical Imaging,TBD,TBD,TBD,TBD,Active,TBD,"Comprehensive STEM class exploring X-Rays to Medical Imaging. Students engage in hands-on projects, design challenges, and real-world applications. Learn cutting-edge technologies and engineering principles through interactive learning experiences.","Design software, testing equipment, educational materials, analysis tools, simulation software, prototyping materials"
S0703,Medicine & Health,Vaccines: From Cowpox to mRNA Technology,TBD,TBD,TBD,TBD,Active,TBD,"Comprehensive STEM class exploring Vaccines: From Cowpox to mRNA Technology. Students engage in hands-on projects, design challenges, and real-world applications. Learn cutting-edge technologies and engineering principles through interactive learning experiences.","Design software, testing equipment, educational materials, analysis tools, simulation software, prototyping materials"
S0704,Medicine & Health,Prosthetics: From Wooden Legs to Bionic Limbs,TBD,TBD,TBD,TBD,Active,TBD,"Comprehensive STEM class exploring Prosthetics: From Wooden Legs to Bionic Limbs. Students engage in hands-on projects, design challenges, and real-world applications. Learn cutting-edge technologies and engineering principles through interactive learning experiences.","Design software, testing equipment, educational materials, analysis tools, simulation software, prototyping materials"
S0705,Medicine & Health,Pacemakers: Engineering the Heartbeat,TBD,TBD,TBD,TBD,Active,TBD,"Comprehensive STEM class exploring Pacemakers: Engineering the Heartbeat. Students engage in hands-on projects, design challenges, and real-world applications. Learn cutting-edge technologies and engineering principles through interactive learning experiences.","Design software, testing equipment, educational materials, analysis tools, simulation software, prototyping materials"
S0706,Medicine & Health,Dialysis: Artificial Kidneys,TBD,TBD,TBD,TBD,Active,TBD,"Comprehensive STEM class exploring Dialysis: Artificial Kidneys. Students engage in hands-on projects, design challenges, and real-world applications. Learn cutting-edge technologies and engineering principles through interactive learning experiences.","Design software, testing equipment, educational materials, analysis tools, simulation software, prototyping materials"
S0707,Medicine & Health,Dental Technology: From Extraction to Implants,TBD,TBD,TBD,TBD,Active,TBD,"Comprehensive STEM class exploring Dental Technology: From Extraction to Implants. Students engage in hands-on projects, design challenges, and real-world applications. Learn cutting-edge technologies and engineering principles through interactive learning experiences.","Design software, testing equipment, educational materials, analysis tools, simulation software, prototyping materials"
S0708,Medicine & Health,Genetic Engineering: From Mendel to CRISPR,TBD,TBD,TBD,TBD,Active,TBD,"Comprehensive STEM class exploring Genetic Engineering: From Mendel to CRISPR. Students engage in hands-on projects, design challenges, and real-world applications. Learn cutting-edge technologies and engineering principles through interactive learning experiences.","Design software, testing equipment, educational materials, analysis tools, simulation software, prototyping materials"
S0709,Medicine & Health,Telemedicine: Healthcare at a Distance,TBD,TBD,TBD,TBD,Active,TBD,"Comprehensive STEM class exploring Telemedicine: Healthcare at a Distance. Students engage in hands-on projects, design challenges, and real-world applications. Learn cutting-edge technologies and engineering principles through interactive learning experiences.","Design software, testing equipment, educational materials, analysis tools, simulation software, prototyping materials"
S0710,Medicine & Health,Bioprinting: 3D Printing Human Tissue,TBD,TBD,TBD,TBD,Active,TBD,"Comprehensive STEM class exploring Bioprinting: 3D Printing Human Tissue. Students engage in hands-on projects, design challenges, and real-world applications. Learn cutting-edge technologies and engineering principles through interactive learning experiences.","Design software, testing equipment, educational materials, analysis tools, simulation software, prototyping materials"
S0801,Environmental & Sustainability,Air Quality Monitoring: From Smoke to Smart Sensors,TBD,TBD,TBD,TBD,Active,TBD,"Comprehensive STEM class exploring Air Quality Monitoring: From Smoke to Smart Sensors. Students engage in hands-on projects, design challenges, and real-world applications. Learn cutting-edge technologies and engineering principles through interactive learning experiences.","Design software, testing equipment, educational materials, analysis tools, simulation software, prototyping materials"
S0802,Environmental & Sustainability,Carbon Capture: From Trees to Technology,TBD,TBD,TBD,TBD,Active,TBD,"Comprehensive STEM class exploring Carbon Capture: From Trees to Technology. Students engage in hands-on projects, design challenges, and real-world applications. Learn cutting-edge technologies and engineering principles through interactive learning experiences.","Design software, testing equipment, educational materials, analysis tools, simulation software, prototyping materials"
S0803,Environmental & Sustainability,Waste Management: From Landfills to Circular Economy,TBD,TBD,TBD,TBD,Active,TBD,"Comprehensive STEM class exploring Waste Management: From Landfills to Circular Economy. Students engage in hands-on projects, design challenges, and real-world applications. Learn cutting-edge technologies and engineering principles through interactive learning experiences.","Design software, testing equipment, educational materials, analysis tools, simulation software, prototyping materials"
S0804,Environmental & Sustainability,Renewable Energy Integration: Smart Grids,TBD,TBD,TBD,TBD,Active,TBD,"Comprehensive STEM class exploring Renewable Energy Integration: Smart Grids. Students engage in hands-on projects, design challenges, and real-world applications. Learn cutting-edge technologies and engineering principles through interactive learning experiences.","Design software, testing equipment, educational materials, analysis tools, simulation software, prototyping materials"
S0805,Environmental & Sustainability,Biodiversity Monitoring: From Field Surveys to Drones,TBD,TBD,TBD,TBD,Active,TBD,"Comprehensive STEM class exploring Biodiversity Monitoring: From Field Surveys to Drones. Students engage in hands-on projects, design challenges, and real-world applications. Learn cutting-edge technologies and engineering principles through interactive learning experiences.","Design software, testing equipment, educational materials, analysis tools, simulation software, prototyping materials"
S0806,Environmental & Sustainability,Soil Remediation: Cleaning Contaminated Land,TBD,TBD,TBD,TBD,Active,TBD,"Comprehensive STEM class exploring Soil Remediation: Cleaning Contaminated Land. Students engage in hands-on projects, design challenges, and real-world applications. Learn cutting-edge technologies and engineering principles through interactive learning experiences.","Design software, testing equipment, educational materials, analysis tools, simulation software, prototyping materials"
S0807,Environmental & Sustainability,Ocean Cleanup: Tackling Plastic Pollution,TBD,TBD,TBD,TBD,Active,TBD,"Comprehensive STEM class exploring Ocean Cleanup: Tackling Plastic Pollution. Students engage in hands-on projects, design challenges, and real-world applications. Learn cutting-edge technologies and engineering principles through interactive learning experiences.","Design software, testing equipment, educational materials, analysis tools, simulation software, prototyping materials"
S0808,Environmental & Sustainability,Vertical Farming: Growing Food in Cities,TBD,TBD,TBD,TBD,Active,TBD,"Comprehensive STEM class exploring Vertical Farming: Growing Food in Cities. Students engage in hands-on projects, design challenges, and real-world applications. Learn cutting-edge technologies and engineering principles through interactive learning experiences.","Design software, testing equipment, educational materials, analysis tools, simulation software, prototyping materials"
S0809,Environmental & Sustainability,Permafrost Monitoring: Climate Change Indicators,TBD,TBD,TBD,TBD,Active,TBD,"Comprehensive STEM class exploring Permafrost Monitoring: Climate Change Indicators. Students engage in hands-on projects, design challenges, and real-world applications. Learn cutting-edge technologies and engineering principles through interactive learning experiences.","Design software, testing equipment, educational materials, analysis tools, simulation software, prototyping materials"
S0810,Environmental & Sustainability,Renewable Materials: From Petroleum to Bioplastics,TBD,TBD,TBD,TBD,Active,TBD,"Comprehensive STEM class exploring Renewable Materials: From Petroleum to Bioplastics. Students engage in hands-on projects, design challenges, and real-world applications. Learn cutting-edge technologies and engineering principles through interactive learning experiences.","Design software, testing equipment, educational materials, analysis tools, simulation software, prototyping materials"
S0901,Space & Exploration,Rockets: From Fireworks to Reusable Launch Systems,TBD,TBD,TBD,TBD,Active,TBD,"Comprehensive STEM class exploring Rockets: From Fireworks to Reusable Launch Systems. Students engage in hands-on projects, design challenges, and real-world applications. Learn cutting-edge technologies and engineering principles through interactive learning experiences.","Design software, testing equipment, educational materials, analysis tools, simulation software, prototyping materials"
S0902,Space & Exploration,Satellites: From Sputnik to Mega-Constellations,TBD,TBD,TBD,TBD,Active,TBD,"Comprehensive STEM class exploring Satellites: From Sputnik to Mega-Constellations. Students engage in hands-on projects, design challenges, and real-world applications. Learn cutting-edge technologies and engineering principles through interactive learning experiences.","Design software, testing equipment, educational materials, analysis tools, simulation software, prototyping materials"
S0903,Space & Exploration,Space Stations: Living in Orbit,TBD,TBD,TBD,TBD,Active,TBD,"Comprehensive STEM class exploring Space Stations: Living in Orbit. Students engage in hands-on projects, design challenges, and real-world applications. Learn cutting-edge technologies and engineering principles through interactive learning experiences.","Design software, testing equipment, educational materials, analysis tools, simulation software, prototyping materials"
S0904,Space & Exploration,Lunar Exploration: From Apollo to Artemis,TBD,TBD,TBD,TBD,Active,TBD,"Comprehensive STEM class exploring Lunar Exploration: From Apollo to Artemis. Students engage in hands-on projects, design challenges, and real-world applications. Learn cutting-edge technologies and engineering principles through interactive learning experiences.","Design software, testing equipment, educational materials, analysis tools, simulation software, prototyping materials"
S0905,Space & Exploration,Mars Exploration: The Red Planet,TBD,TBD,TBD,TBD,Active,TBD,"Comprehensive STEM class exploring Mars Exploration: The Red Planet. Students engage in hands-on projects, design challenges, and real-world applications. Learn cutting-edge technologies and engineering principles through interactive learning experiences.","Design software, testing equipment, educational materials, analysis tools, simulation software, prototyping materials"
S0906,Space & Exploration,Telescopes: From Galileo to James Webb,TBD,TBD,TBD,TBD,Active,TBD,"Comprehensive STEM class exploring Telescopes: From Galileo to James Webb. Students engage in hands-on projects, design challenges, and real-world applications. Learn cutting-edge technologies and engineering principles through interactive learning experiences.","Design software, testing equipment, educational materials, analysis tools, simulation software, prototyping materials"
S0907,Space & Exploration,Exoplanet Detection: Finding Worlds Beyond,TBD,TBD,TBD,TBD,Active,TBD,"Comprehensive STEM class exploring Exoplanet Detection: Finding Worlds Beyond. Students engage in hands-on projects, design challenges, and real-world applications. Learn cutting-edge technologies and engineering principles through interactive learning experiences.","Design software, testing equipment, educational materials, analysis tools, simulation software, prototyping materials"
S0908,Space & Exploration,Space Propulsion: Beyond Chemical Rockets,TBD,TBD,TBD,TBD,Active,TBD,"Comprehensive STEM class exploring Space Propulsion: Beyond Chemical Rockets. Students engage in hands-on projects, design challenges, and real-world applications. Learn cutting-edge technologies and engineering principles through interactive learning experiences.","Design software, testing equipment, educational materials, analysis tools, simulation software, prototyping materials"
S0909,Space & Exploration,Astrobiology: Life Beyond Earth,TBD,TBD,TBD,TBD,Active,TBD,"Comprehensive STEM class exploring Astrobiology: Life Beyond Earth. Students engage in hands-on projects, design challenges, and real-world applications. Learn cutting-edge technologies and engineering principles through interactive learning experiences.","Design software, testing equipment, educational materials, analysis tools, simulation software, prototyping materials"
S0910,Space & Exploration,Space Tourism: Commercial Spaceflight,TBD,TBD,TBD,TBD,Active,TBD,"Comprehensive STEM class exploring Space Tourism: Commercial Spaceflight. Students engage in hands-on projects, design challenges, and real-world applications. Learn cutting-edge technologies and engineering principles through interactive learning experiences.","Design software, testing equipment, educational materials, analysis tools, simulation software, prototyping materials"
S1001,Future Technologies & Innovation,Quantum Computing: The Next Computational Revolution,TBD,TBD,TBD,TBD,Active,TBD,"Comprehensive STEM class exploring Quantum Computing: The Next Computational Revolution. Students engage in hands-on projects, design challenges, and real-world applications. Learn cutting-edge technologies and engineering principles through interactive learning experiences.","Design software, testing equipment, educational materials, analysis tools, simulation software, prototyping materials"
S1002,Future Technologies & Innovation,Blockchain & Distributed Systems,TBD,TBD,TBD,TBD,Active,TBD,"Comprehensive STEM class exploring Blockchain & Distributed Systems. Students engage in hands-on projects, design challenges, and real-world applications. Learn cutting-edge technologies and engineering principles through interactive learning experiences.","Design software, testing equipment, educational materials, analysis tools, simulation software, prototyping materials"
S1003,Future Technologies & Innovation,Brain-Computer Interfaces: Mind Control,TBD,TBD,TBD,TBD,Active,TBD,"Comprehensive STEM class exploring Brain-Computer Interfaces: Mind Control. Students engage in hands-on projects, design challenges, and real-world applications. Learn cutting-edge technologies and engineering principles through interactive learning experiences.","Design software, testing equipment, educational materials, analysis tools, simulation software, prototyping materials"
S1004,Future Technologies & Innovation,Autonomous Systems: Self-Driving Everything,TBD,TBD,TBD,TBD,Active,TBD,"Comprehensive STEM class exploring Autonomous Systems: Self-Driving Everything. Students engage in hands-on projects, design challenges, and real-world applications. Learn cutting-edge technologies and engineering principles through interactive learning experiences.","Design software, testing equipment, educational materials, analysis tools, simulation software, prototyping materials"
S1005,Future Technologies & Innovation,Metamaterials: Engineering Impossible Properties,TBD,TBD,TBD,TBD,Active,TBD,"Comprehensive STEM class exploring Metamaterials: Engineering Impossible Properties. Students engage in hands-on projects, design challenges, and real-world applications. Learn cutting-edge technologies and engineering principles through interactive learning experiences.","Design software, testing equipment, educational materials, analysis tools, simulation software, prototyping materials"
S1006,Future Technologies & Innovation,Holography: 3D Light Projection,TBD,TBD,TBD,TBD,Active,TBD,"Comprehensive STEM class exploring Holography: 3D Light Projection. Students engage in hands-on projects, design challenges, and real-world applications. Learn cutting-edge technologies and engineering principles through interactive learning experiences.","Design software, testing equipment, educational materials, analysis tools, simulation software, prototyping materials"
S1007,Future Technologies & Innovation,Soft Robotics: Flexible Machines,TBD,TBD,TBD,TBD,Active,TBD,"Comprehensive STEM class exploring Soft Robotics: Flexible Machines. Students engage in hands-on projects, design challenges, and real-world applications. Learn cutting-edge technologies and engineering principles through interactive learning experiences.","Design software, testing equipment, educational materials, analysis tools, simulation software, prototyping materials"
S1008,Future Technologies & Innovation,Energy Harvesting: Power from Everywhere,TBD,TBD,TBD,TBD,Active,TBD,"Comprehensive STEM class exploring Energy Harvesting: Power from Everywhere. Students engage in hands-on projects, design challenges, and real-world applications. Learn cutting-edge technologies and engineering principles through interactive learning experiences.","Design software, testing equipment, educational materials, analysis tools, simulation software, prototyping materials"
S1009,Future Technologies & Innovation,Synthetic Biology: Designing Life,TBD,TBD,TBD,TBD,Active,TBD,"Comprehensive STEM class exploring Synthetic Biology: Designing Life. Students engage in hands-on projects, design challenges, and real-world applications. Learn cutting-edge technologies and engineering principles through interactive learning experiences.","Design software, testing equipment, educational materials, analysis tools, simulation software, prototyping materials"
S1010,Future Technologies & Innovation,The Metaverse: Virtual Worlds & Digital Existence,TBD,TBD,TBD,TBD,Active,TBD,"Comprehensive STEM class exploring The Metaverse: Virtual Worlds & Digital Existence. Students engage in hands-on projects, design challenges, and real-world applications. Learn cutting-edge technologies and engineering principles through interactive learning experiences.","Design software, testing equipment, educational materials, analysis tools, simulation software, prototyping materials"
