Store,Section,Space (sq ft),Task,Start Date,End Date,Duration (Days),W1 Feb 12-18,W2 Feb 19-25,W3 Feb 26-Mar 4,W4 Mar 5-11,W5 Mar 12-18,W6 Mar 19-25,W7 Mar 26-Apr 1,W8 Apr 2-8,W9 Apr 9-15,W10 Apr 16-22,W11 Apr 23-29,W12 Apr 30-May 6,W13 May 7-13,W14 May 14-20,W15 May 21-27,W16 May 28-Jun 3,W17 Jun 4-10,W18 Jun 11-17,W19 Jun 18-24,W20 Jun 25-Jul 1,W21 Jul 2-8,W22 Jul 9-15,W23 Jul 16-22,W24 Jul 23-29,W25 Jul 30-Aug 5,W26 Aug 6-12,W27 Aug 13-19,W28 Aug 20-26,W29 Aug 27-Sep 2,W30 Sep 3-9,W31 Sep 10-16,W32 Sep 17-23,W33 Sep 24-30
IFC,Retail,3004,Concept & Design Rendering,2026-02-12,2026-03-31,47,X,X,X,X,X,X,X,,,,,,,,,,,,,,,,,,,,,,,,,
IFC,Retail,3004,Detailed Drawings Package,2026-03-31,2026-04-20,20,,,,,,,,X,X,X,,,,,,,,,,,,,,,,,,,,,,
IFC,Retail,3004,Landlord Sign Off and Approvals,2026-04-20,2026-05-15,25,,,,,,,,,,,X,X,X,X,,,,,,,,,,,,,,,,,,,
IFC,Retail,3004,Hoarding,2026-05-15,2026-05-31,16,,,,,,,,,,,,,,X,X,X,,,,,,,,,,,,,,,,,
IFC,Retail,3004,Launch,2026-05-31,2026-06-10,10,,,,,,,,,,,,,,,,,X,,,,,,,,,,,,,,,,,
IFC,Retail,3004,Merchandising,2026-06-10,2026-07-15,35,,,,,,,,,,,,,,,,,X,X,X,X,X,X,,,,,,,,,,,,
IFC,F&B,1200,Concept & Design Rendering,2026-02-12,2026-03-31,47,X,X,X,X,X,X,X,,,,,,,,,,,,,,,,,,,,,,,,,
IFC,F&B,1200,Licensing Contractor on Board,2026-03-01,2026-03-01,0,,,X,,,,,,,,,,,,,,,,,,,,,,,,,,,,,,,
IFC,F&B,1200,Licensing Submission,2026-03-01,2026-04-20,50,,,X,X,X,X,X,X,X,X,,,,,,,,,,,,,,,,,,,,,,,,
IFC,F&B,1200,Detailed Drawings Package,2026-04-20,2026-04-20,0,,,,,,,,,,,X,,,,,,,,,,,,,,,,,,,,,,,,
IFC,F&B,1200,Landlord Sign Off and Approvals,2026-04-20,2026-05-15,25,,,,,,,,,,,X,X,X,X,,,,,,,,,,,,,,,,,,,
IFC,F&B,1200,Hoarding,2026-05-15,2026-05-31,16,,,,,,,,,,,,,,X,X,X,,,,,,,,,,,,,,,,,
IFC,F&B,1200,Provisional License in Place,2026-05-31,2026-07-20,50,,,,,,,,,,,,,,,,,X,X,X,X,X,X,X,,,,,,,,,,,
IFC,F&B,1200,Launch,2026-07-20,2026-09-15,57,,,,,,,,,,,,,,,,,,,,,,,X,X,X,X,X,X,X,X,X,X,,
Pacific Place,Retail,863,Concept & Design Rendering,2026-02-12,2026-04-15,62,X,X,X,X,X,X,X,X,X,,,,,,,,,,,,,,,,,,,,,,,
Pacific Place,Retail,863,Detailed Drawings Package,2026-04-15,2026-05-01,16,,,,,,,,,,,X,X,,,,,,,,,,,,,,,,,,,,,
Pacific Place,Retail,863,Landlord Sign Off and Approvals,2026-05-01,2026-06-01,31,,,,,,,,,,,,X,X,X,X,X,,,,,,,,,,,,,,,,
Pacific Place,Retail,863,Hoarding,2026-06-01,2026-06-20,19,,,,,,,,,,,,,,,,,X,X,X,,,,,,,,,,,,,,
Pacific Place,Retail,863,Launch,2026-06-20,2026-07-05,15,,,,,,,,,,,,,,,,,,,X,X,,,,,,,,,,,,,
Pacific Place,Retail,863,Merchandising,2026-07-05,2026-09-01,58,,,,,,,,,,,,,,,,,,,,X,X,X,X,X,X,X,X,X,,,,,
Pacific Place,F&B,500,Concept & Design Rendering,2026-02-12,2026-04-15,62,X,X,X,X,X,X,X,X,X,,,,,,,,,,,,,,,,,,,,,,,
Pacific Place,F&B,500,Licensing Contractor on Board,2026-03-01,2026-03-01,0,,,X,,,,,,,,,,,,,,,,,,,,,,,,,,,,,,,
Pacific Place,F&B,500,Licensing Submission,2026-03-01,2026-05-01,61,,,X,X,X,X,X,X,X,X,X,X,,,,,,,,,,,,,,,,,,,,,
Pacific Place,F&B,500,Detailed Drawings Package,2026-05-01,2026-05-01,0,,,,,,,,,,,,X,,,,,,,,,,,,,,,,,,,,,
Pacific Place,F&B,500,Landlord Sign Off and Approvals,2026-05-01,2026-06-01,31,,,,,,,,,,,,X,X,X,X,X,,,,,,,,,,,,,,,,
Pacific Place,F&B,500,Hoarding,2026-06-01,2026-06-20,19,,,,,,,,,,,,,,,,,X,X,X,,,,,,,,,,,,,,
Pacific Place,F&B,500,Provisional License in Place,2026-06-20,2026-07-05,15,,,,,,,,,,,,,,,,,,,X,X,,,,,,,,,,,,,
Pacific Place,F&B,500,Launch,2026-07-05,2026-08-20,46,,,,,,,,,,,,,,,,,,,,X,X,X,X,X,X,X,X,,,,,,,
Pacific Place,F&B,500,Final Launch,2026-08-20,2026-09-01,12,,,,,,,,,,,,,,,,,,,,,,,,,,,X,X,,,,,
Times Square,Retail,1741,Concept & Design Rendering,2026-02-12,2026-05-01,78,X,X,X,X,X,X,X,X,X,X,X,X,,,,,,,,,,,,,,,,,,,,,
Times Square,Retail,1741,Detailed Drawings Package,2026-05-01,2026-05-15,14,,,,,,,,,,,,X,X,X,,,,,,,,,,,,,,,,,,,
Times Square,Retail,1741,Landlord Sign Off and Approvals,2026-05-15,2026-06-15,31,,,,,,,,,,,,,,X,X,X,X,X,,,,,,,,,,,,,,,
Times Square,Retail,1741,Hoarding,2026-06-15,2026-07-15,30,,,,,,,,,,,,,,,,,X,X,X,X,X,,,,,,,,,,,,
Times Square,Retail,1741,Launch,2026-07-15,2026-08-05,21,,,,,,,,,,,,,,,,,,,,,X,X,X,,,,,,,,,,,
Times Square,Retail,1741,Merchandising,2026-08-05,2026-09-30,56,,,,,,,,,,,,,,,,,,,,,,,,,X,X,X,X,X,X,X,X,X
Times Square,F&B,1000,Concept & Design Rendering,2026-02-12,2026-05-01,78,X,X,X,X,X,X,X,X,X,X,X,X,,,,,,,,,,,,,,,,,,,,,
Times Square,F&B,1000,Licensing Contractor on Board,2026-03-01,2026-03-01,0,,,X,,,,,,,,,,,,,,,,,,,,,,,,,,,,,,,
Times Square,F&B,1000,Licensing Submission,2026-03-01,2026-05-15,75,,,X,X,X,X,X,X,X,X,X,X,X,X,,,,,,,,,,,,,,,,,,,
Times Square,F&B,1000,Detailed Drawings Package,2026-05-15,2026-05-15,0,,,,,,,,,,,,,,X,,,,,,,,,,,,,,,,,,,
Times Square,F&B,1000,Landlord Sign Off and Approvals,2026-05-15,2026-06-15,31,,,,,,,,,,,,,,X,X,X,X,X,,,,,,,,,,,,,,,
Times Square,F&B,1000,Hoarding,2026-06-15,2026-07-15,30,,,,,,,,,,,,,,,,,X,X,X,X,X,,,,,,,,,,,,
Times Square,F&B,1000,Provisional License in Place,2026-07-15,2026-08-05,21,,,,,,,,,,,,,,,,,,,,,X,X,X,,,,,,,,,,,
Times Square,F&B,1000,Launch,2026-08-05,2026-09-20,46,,,,,,,,,,,,,,,,,,,,,,,,,X,X,X,X,X,X,X,X,,
Times Square,F&B,1000,Final Launch,2026-09-20,2026-09-30,10,,,,,,,,,,,,,,,,,,,,,,,,,,,,,,,,X,X
Canton Road,Retail,1228,Concept & Design Rendering,2026-02-12,2026-05-15,92,X,X,X,X,X,X,X,X,X,X,X,X,X,X,,,,,,,,,,,,,,,,,,,
Canton Road,Retail,1228,Detailed Drawings Package,2026-05-15,2026-06-01,17,,,,,,,,,,,,,,X,X,X,,,,,,,,,,,,,,,,,
Canton Road,Retail,1228,Landlord Sign Off and Approvals,2026-06-01,2026-07-01,30,,,,,,,,,,,,,,,,,X,X,X,X,,,,,,,,,,,,,
Canton Road,Retail,1228,Hoarding,2026-07-01,2026-07-31,30,,,,,,,,,,,,,,,,,,,,X,X,X,X,X,,,,,,,,,
Canton Road,Retail,1228,Launch,2026-07-31,2026-08-10,10,,,,,,,,,,,,,,,,,,,,,,,,,X,X,,,,,,,,
Canton Road,Retail,1228,Merchandising,2026-08-10,2026-09-30,51,,,,,,,,,,,,,,,,,,,,,,,,,,X,X,X,X,X,X,X,X
Canton Road,F&B,963,Concept & Design Rendering,2026-02-12,2026-05-15,92,X,X,X,X,X,X,X,X,X,X,X,X,X,X,,,,,,,,,,,,,,,,,,,
Canton Road,F&B,963,Licensing Contractor on Board,2026-03-01,2026-03-01,0,,,X,,,,,,,,,,,,,,,,,,,,,,,,,,,,,,,
Canton Road,F&B,963,Licensing Submission,2026-03-01,2026-06-01,92,,,X,X,X,X,X,X,X,X,X,X,X,X,X,X,X,,,,,,,,,,,,,,,,,
Canton Road,F&B,963,Detailed Drawings Package,2026-06-01,2026-06-01,0,,,,,,,,,,,,,,,,,X,,,,,,,,,,,,,,,,,
Canton Road,F&B,963,Landlord Sign Off and Approvals,2026-06-01,2026-07-01,30,,,,,,,,,,,,,,,,,X,X,X,X,,,,,,,,,,,,,
Canton Road,F&B,963,Hoarding,2026-07-01,2026-07-31,30,,,,,,,,,,,,,,,,,,,,X,X,X,X,X,,,,,,,,,
Canton Road,F&B,963,Provisional License in Place,2026-07-31,2026-08-10,10,,,,,,,,,,,,,,,,,,,,,,,,,X,X,,,,,,,,
Canton Road,F&B,963,Launch,2026-08-10,2026-09-20,41,,,,,,,,,,,,,,,,,,,,,,,,,,X,X,X,X,X,X,X,,
Canton Road,F&B,963,Final Launch,2026-09-20,2026-09-30,10,,,,,,,,,,,,,,,,,,,,,,,,,,,,,,,,X,X