Brand Name,Region,Country,Furniture Types,Executive Contact,Website,BIM on Website,BIMobject Library,NBS BIM Library,Other BIM Repositories,Notes
Tecno,Europe,Italy,"Office Systems, Architectural Partitions, Seating",Giuliano Mosconi (CEO),https://www.tecnospa.com,Yes,Yes,Yes,Archiproducts,"Known for innovative office systems, architectural partitions"
B&B Italia,Europe,Italy,"Residential, Outdoor",Gilberto Negrini (CEO),https://www.bebitalia.com,Yes,Yes,Yes,Archiproducts,"Contemporary high-end furniture with iconic designs"
Cassina,Europe,Italy,"Residential, Classic Reproductions",Luca Fuso (CEO),https://www.cassina.com,Yes,Yes,Yes,Archiproducts,"Historic brand with modernist classics and contemporary pieces"
Poltrona Frau,Europe,Italy,"Residential, Leather Upholstery, Office",Nicola Coropulis (CEO),https://www.poltronafrau.com,Yes,Yes,Yes,Archiproducts,"Luxury leather furniture with heritage craftsmanship"
Molteni&C,Europe,Italy,"Residential, Office, Storage Systems",Carlo Molteni (President),https://www.molteni.it,Yes,Yes,Yes,Archiproducts,"Modern furniture with architectural influence"
Minotti,Europe,Italy,"Residential, Upholstery",Roberto Minotti (CEO),https://www.minotti.com,Yes,Yes,Yes,Archiproducts,"Sophisticated contemporary furniture with timeless elegance"
Flexform,Europe,Italy,"Residential, Upholstery",Giuliano Galimberti (CEO),https://www.flexform.it,Yes,Yes,Yes,Archiproducts,"Refined upholstered furniture with comfort focus"
Giorgetti,Europe,Italy,"Residential, Bespoke",Giovanni del Vecchio (CEO),https://www.giorgetti.eu,Yes,Yes,Yes,Archiproducts,"Artisanal woodworking with distinctive design language"
Moroso,Europe,Italy,"Residential, Contract, Upholstery",Roberto Moroso (CEO),https://www.moroso.it,Yes,Yes,Yes,Archiproducts,"Experimental and artistic upholstered furniture"
Kartell,Europe,Italy,"Residential, Plastic, Lighting",Claudio Luti (President),https://www.kartell.com,Yes,Yes,Yes,Archiproducts,"Innovative plastic furniture with bold designs"
Fritz Hansen,Europe,Denmark,"Residential, Contract, Seating",Josef Kaiser (CEO),https://www.fritzhansen.com,Yes,Yes,Yes,BIMscript,"Danish design classics and contemporary collections"
Carl Hansen & Søn,Europe,Denmark,"Residential, Wooden Furniture",Knud Erik Hansen (CEO),https://www.carlhansen.com,Yes,Yes,Yes,BIMscript,"Craftsmanship-focused with Hans Wegner classics"
Artek,Europe,Finland,"Residential, Contract",Marianne Goebl (CEO),https://www.artek.fi,Yes,Yes,Yes,BIMscript,"Finnish brand with Alvar Aalto's functional designs"
Muuto,Europe,Denmark,"Residential, Accessories",Anders Cleemann (CEO),https://www.muuto.com,Yes,Yes,Yes,BIMscript,"Modern Scandinavian design with fresh perspective"
Hay,Europe,Denmark,"Residential, Accessories, Office",Rolf Hay (Co-founder),https://www.hay.dk,Yes,Yes,Yes,BIMscript,"Accessible contemporary Danish design"
&Tradition,Europe,Denmark,"Residential, Lighting",Martin Kornbek Hansen (CEO),https://www.andtradition.com,Yes,Yes,Yes,BIMscript,"Blending tradition with innovation in Nordic design"
Fredericia,Europe,Denmark,"Residential, Contract",Thomas Graversen (Owner),https://www.fredericia.com,Yes,Yes,Yes,BIMscript,"Danish craftsmanship with design heritage"
Vitra,Europe,Switzerland,"Office, Residential, Public Space",Nora Fehlbaum (CEO),https://www.vitra.com,Yes,Yes,Yes,3Dwarehouse,"Swiss brand with design classics and contemporary pieces"
Knoll,North America,USA,"Office, Residential, Textiles",Andrew Cogan (CEO),https://www.knoll.com,Yes,Yes,Yes,Revit City,"Modernist furniture with architectural influence"
USM,Europe,Switzerland,"Modular Systems, Office, Residential",Alexander Schärer (CEO),https://www.usm.com,Yes,Yes,Yes,3Dwarehouse,"Swiss modular furniture systems"
Ligne Roset,Europe,France,"Residential, Upholstery",Michel Roset (CEO),https://www.ligne-roset.com,Yes,Yes,Yes,BIMobject,"French contemporary design with creative forms"
Herman Miller,North America,USA,"Office, Residential, Healthcare",Andi Owen (CEO),https://www.hermanmiller.com,Yes,Yes,Yes,Revit City,"Iconic office and residential modern classics"
Bernhardt Design,North America,USA,"Contract, Residential",Jerry Epperson (CEO),https://www.bernhardtdesign.com,Yes,Yes,Yes,Revit City,"Contemporary American design with global collaborations"
Restoration Hardware,North America,USA,"Residential, Outdoor, Lighting",Gary Friedman (CEO),https://www.rh.com,Yes,No,No,3Dwarehouse,"Luxury reproductions and contemporary designs"
Room & Board,North America,USA,"Residential, Office",John Gabbert (Founder),https://www.roomandboard.com,Yes,No,No,3Dwarehouse,"Modern American-made furniture"
Rove Concepts,North America,Canada,"Residential, Reproductions",Art Lee (Founder),https://www.roveconcepts.com,No,No,No,None,"Contemporary reproductions and original designs"
Stellar Works,Asia,China,"Residential, Hospitality",Yuichiro Hori (CEO),https://www.stellarworks.com,Yes,Yes,No,Archiproducts,"Chinese-owned with Japanese-French design influence"
Maruni,Asia,Japan,"Residential, Wooden Furniture",Takeshi Yamanaka (President),https://www.maruni.com,Yes,Yes,No,None,"Japanese woodworking with minimalist aesthetic"
Karimoku New Standard,Asia,Japan,"Residential, Wooden Furniture",Hiroshi Kato (Director),https://www.karimoku-newstandard.jp,Yes,No,No,None,"Contemporary Japanese wooden furniture"
Conde House,Asia,Japan,"Residential, Contract",Tetsuya Fujita (President),https://www.condehouse.com,Yes,No,No,None,"Japanese craftsmanship with international designers"
Schiavello,Asia/Oceania,Australia,"Office, Commercial",Peter Schiavello (Managing Director),https://www.schiavello.com,Yes,Yes,Yes,BIMsmith,"Australian commercial furniture with Asian presence"
Steelcase,North America,USA,"Office, Education, Healthcare",Sara Armbruster (CEO),https://www.steelcase.com,Yes,Yes,Yes,Revit City,"Comprehensive office furniture and architectural solutions"
Haworth,North America,USA,"Office, Architectural Products",Franco Bianchi (CEO),https://www.haworth.com,Yes,Yes,Yes,Revit City,"Workspace furniture with research-based approach"
Teknion,North America,Canada,"Office Systems, Architectural Products",David Feldberg (CEO),https://www.teknion.com,Yes,Yes,Yes,Revit City,"Integrated office furniture systems"
Humanscale,North America,USA,"Ergonomic Office, Healthcare",Robert King (Founder),https://www.humanscale.com,Yes,Yes,Yes,BIMsmith,"Ergonomic office tools and seating"
Okamura,Asia,Japan,"Office, Healthcare, Education",Masayuki Nakamura (President),https://www.okamura.com,Yes,Yes,Yes,BIMsmith,"Japanese technical office furniture"
Andreu World,Europe,Spain,"Contract, Hospitality, Seating",Jesus Llinares (CEO),https://www.andreuworld.com,Yes,Yes,Yes,Archiproducts,"Spanish seating specialists for hospitality"
Pedrali,Europe,Italy,"Contract, Hospitality, Public Space",Monica Pedrali (CEO),https://www.pedrali.it,Yes,Yes,Yes,Archiproducts,"Italian contract furniture for diverse environments"
Kettal,Europe,Spain,"Outdoor, Hospitality",Alex Alorda (CEO),https://www.kettal.com,Yes,Yes,Yes,Archiproducts,"Outdoor furniture for hospitality settings"
Emeco,North America,USA,"Seating, Sustainable",Gregg Buchbinder (CEO),https://www.emeco.net,Yes,Yes,Yes,BIMsmith,"Aluminum seating with sustainability focus"
Coalesse,North America,USA,"Collaborative Spaces, Office",Lew Epstein (General Manager),https://www.coalesse.com,Yes,Yes,Yes,Steelcase,"Premium collaborative furniture (Steelcase brand)"
Arper,Europe,Italy,"Contract, Soft Seating",Claudio Feltrin (CEO),https://www.arper.com,Yes,Yes,Yes,Archiproducts,"Soft contract furniture with residential feel"
Lammhults,Europe,Sweden,"Public Space, Office",Sofia Svensson (CEO),https://www.lammhults.se,Yes,Yes,Yes,BIMobject,"Swedish public space furniture"
Dedon,Europe,Germany,"Outdoor, Hospitality",Sonja van der Hagen (CEO),https://www.dedon.de,Yes,Yes,Yes,Archiproducts,"Luxury synthetic fiber outdoor furniture"
Fermob,Europe,France,"Outdoor, Hospitality",Bernard Reybier (CEO),https://www.fermob.com,Yes,Yes,Yes,BIMobject,"Colorful French outdoor furniture"
Gloster,Europe,UK,"Outdoor, Teak",Svend Loevbjerg (CEO),https://www.gloster.com,Yes,Yes,Yes,BIMobject,"Teak and contemporary outdoor collections"
Janus et Cie,North America,USA,"Outdoor, Hospitality",Janice Feldman (Founder),https://www.janusetcie.com,Yes,Yes,Yes,BIMobject,"Sophisticated outdoor for residential and contract"
Paola Lenti,Europe,Italy,"Outdoor, Textiles",Paola Lenti (Founder),https://www.paolalenti.it,Yes,Yes,Yes,Archiproducts,"Innovative textiles for outdoor use"
Boffi,Europe,Italy,"Kitchen, Bath",Roberto Gavazzi (CEO),https://www.boffi.com,Yes,Yes,Yes,Archiproducts,"Minimalist luxury kitchens and bathrooms"
Arclinea,Europe,Italy,"Kitchen Systems",Mariano Campagnolo (CEO),https://www.arclinea.com,Yes,Yes,Yes,Archiproducts,"Professional-grade kitchen systems"
Dornbracht,Europe,Germany,"Bath, Kitchen Fixtures",Andreas Dornbracht (CEO),https://www.dornbracht.com,Yes,Yes,Yes,BIMobject,"Premium bathroom and kitchen fixtures"
Poggenpohl,Europe,Germany,"Kitchen Systems",Gernot Mang (CEO),https://www.poggenpohl.com,Yes,Yes,Yes,BIMobject,"German precision engineered kitchens"
Valcucine,Europe,Italy,"Kitchen Systems, Sustainable",Giuseppe Di Nuccio (CEO),https://www.valcucine.com,Yes,Yes,Yes,Archiproducts,"Sustainable Italian kitchen systems"
Duravit,Europe,Germany,"Bath, Fixtures",Stephan Tahy (CEO),https://www.duravit.com,Yes,Yes,Yes,BIMobject,"Contemporary bathroom fixtures and furniture"
Flos,Europe,Italy,"Lighting, Architectural",Roberta Silva (CEO),https://www.flos.com,Yes,Yes,Yes,Archiproducts,"Italian design-focused lighting"
Artemide,Europe,Italy,"Lighting, Architectural",Carlotta de Bevilacqua (CEO),https://www.artemide.com,Yes,Yes,Yes,Archiproducts,"Technical and decorative Italian lighting"
Louis Poulsen,Europe,Denmark,"Lighting, Architectural",Søren Mygind Eskildsen (CEO),https://www.louispoulsen.com,Yes,Yes,Yes,BIMscript,"Danish architectural lighting"
Foscarini,Europe,Italy,"Lighting, Decorative",Carlo Urbinati (CEO),https://www.foscarini.com,Yes,Yes,Yes,Archiproducts,"Experimental Italian lighting design"
Vibia,Europe,Spain,"Lighting Systems",Pere Llonch (CEO),https://www.vibia.com,Yes,Yes,Yes,Archiproducts,"Spanish contemporary lighting systems"
Luceplan,Europe,Italy,"Lighting, Technical",Paolo Colonna (CEO),https://www.luceplan.com,Yes,Yes,Yes,Archiproducts,"Innovative Italian lighting solutions"
Mater,Europe,Denmark,"Sustainable, Residential",Henrik Marstrand (CEO),https://www.materdesign.com,Yes,Yes,Yes,BIMscript,"Danish sustainable design"
Vestre,Europe,Norway,"Outdoor, Public Space, Sustainable",Jan Christian Vestre (CEO),https://www.vestre.com,Yes,Yes,Yes,BIMobject,"Norwegian carbon-neutral outdoor furniture"
Interface,North America,USA,"Flooring, Sustainable",Laurel Hurd (CEO),https://www.interface.com,Yes,Yes,Yes,BIMsmith,"Pioneering sustainable flooring solutions"
Natuzzi,Europe,Italy,"Residential, Upholstery",Pasquale Natuzzi (Founder & CEO),https://www.natuzzi.com,Yes,Yes,Yes,Archiproducts,"Italian leather upholstery specialist"
Alias,Europe,Italy,"Residential, Contract",Andrea Sanguineti (Design Director),https://www.alias.design,Yes,Yes,Yes,Archiproducts,"Italian design-focused furniture"
Zanotta,Europe,Italy,"Residential, Iconic Designs",Giuliano Mosconi (CEO),https://www.zanotta.it,Yes,Yes,Yes,Archiproducts,"Historic Italian design brand"
Cappellini,Europe,Italy,"Residential, Contemporary",Giulio Cappellini (Art Director),https://www.cappellini.com,Yes,Yes,Yes,Archiproducts,"Experimental contemporary Italian design"
Magis,Europe,Italy,"Residential, Plastic, Outdoor",Alberto Perazza (CEO),https://www.magisdesign.com,Yes,Yes,Yes,Archiproducts,"Innovative plastic and metal furniture"
Unifor,Europe,Italy,"Office Systems, Architectural",Piero Molteni (CEO),https://www.unifor.it,Yes,Yes,Yes,Archiproducts,"High-end office systems and architectural products"
Edra,Europe,Italy,"Residential, Experimental",Valerio Mazzei (CEO),https://www.edra.com,Yes,Yes,Yes,Archiproducts,"Experimental luxury Italian furniture"
Driade,Europe,Italy,"Residential, Eclectic",Giuseppe Di Nuccio (CEO),https://www.driade.com,Yes,Yes,Yes,Archiproducts,"Eclectic Italian design furniture"
Fiam Italia,Europe,Italy,"Glass Furniture, Residential",Vittorio Livi (Founder),https://www.fiamitalia.it,Yes,Yes,Yes,Archiproducts,"Italian glass furniture specialist"
Gubi,Europe,Denmark,"Residential, Lighting",Jacob Gubi (CEO),https://www.gubi.com,Yes,Yes,Yes,BIMscript,"Danish contemporary design with historic reissues"
Menu,Europe,Denmark,"Residential, Accessories",Bjarne Hansen (Founder),https://www.menu.as,Yes,Yes,Yes,BIMscript,"Scandinavian minimalist design"
Normann Copenhagen,Europe,Denmark,"Residential, Accessories",Poul Madsen (CEO),https://www.normann-copenhagen.com,Yes,Yes,Yes,BIMscript,"Danish contemporary design"
Secto Design,Europe,Finland,"Lighting, Wooden",Tuula Jusélius (CEO),https://www.sectodesign.fi,Yes,Yes,Yes,BIMscript,"Finnish wooden lighting"
Nikari,Europe,Finland,"Wooden Furniture, Sustainable",Johanna Vuorio (CEO),https://www.nikari.fi,Yes,Yes,Yes,BIMscript,"Finnish sustainable wood furniture"
Classicon,Europe,Germany,"Residential, Classic Reproductions",Oliver Holy (CEO),https://www.classicon.com,Yes,Yes,Yes,BIMobject,"German design classics and contemporary pieces"
Walter Knoll,Europe,Germany,"Residential, Office, Upholstery",Markus Benz (CEO),https://www.walterknoll.de,Yes,Yes,Yes,BIMobject,"German premium upholstery and office furniture"
Wilkhahn,Europe,Germany,"Office, Conference, Seating",Simone Vingerhoets (CEO),https://www.wilkhahn.com,Yes,Yes,Yes,BIMobject,"German ergonomic office furniture"
Thonet,Europe,Germany,"Bentwood, Seating, Classic",Michael Thonet (CEO),https://www.thonet.de,Yes,Yes,Yes,BIMobject,"Pioneering bentwood furniture since 1819"
e15,Europe,Germany,"Residential, Solid Wood",Philipp Mainzer (Founder),https://www.e15.com,Yes,Yes,Yes,BIMobject,"German minimalist solid wood furniture"
Cor,Europe,Germany,"Upholstery, Residential",Leo Lübke (CEO),https://www.cor.de,Yes,Yes,Yes,BIMobject,"German upholstery specialist"
Rolf Benz,Europe,Germany,"Upholstery, Residential",Jürgen Mayer (CEO),https://www.rolf-benz.com,Yes,Yes,Yes,BIMobject,"German premium upholstery"
Brunner,Europe,Germany,"Contract, Seating",Helena Brunner (CEO),https://www.brunner-group.com,Yes,Yes,Yes,BIMobject,"German contract furniture specialist"
Flötotto,Europe,Germany,"Residential, School Furniture",Frederik Flötotto (CEO),https://www.floetotto.de,Yes,Yes,Yes,BIMobject,"German school and residential furniture"
Zeitraum,Europe,Germany,"Solid Wood, Sustainable",Birgit Gämmerler (Founder),https://www.zeitraum-moebel.de,Yes,Yes,Yes,BIMobject,"German sustainable solid wood furniture"
Fermob,Europe,France,"Outdoor, Metal",Bernard Reybier (CEO),https://www.fermob.com,Yes,Yes,Yes,BIMobject,"French colorful metal outdoor furniture"
Matière Grise,Europe,France,"Metal, Residential, Outdoor",Olivia Putman (Designer),https://www.matieregrise-design.com,Yes,Yes,Yes,BIMobject,"French metal furniture"
Tolix,Europe,France,"Metal, Industrial",Chantal Andriot (CEO),https://www.tolix.fr,Yes,Yes,Yes,BIMobject,"Iconic French metal furniture"
Petite Friture,Europe,France,"Residential, Lighting",Amélie du Passage (Founder),https://www.petitefriture.com,Yes,Yes,Yes,BIMobject,"French contemporary design"
Fatboy,Europe,Netherlands,"Casual, Outdoor",Petra Vos (CEO),https://www.fatboy.com,Yes,Yes,Yes,BIMobject,"Dutch casual furniture and accessories"
Moooi,Europe,Netherlands,"Residential, Eclectic, Lighting",Marcel Wanders (Founder),https://www.moooi.com,Yes,Yes,Yes,BIMobject,"Dutch eclectic design furniture"
Artifort,Europe,Netherlands,"Upholstery, Iconic Designs",Gaël Meersseman (CEO),https://www.artifort.com,Yes,Yes,Yes,BIMobject,"Dutch iconic upholstered furniture"
Montis,Europe,Netherlands,"Upholstery, Residential",Ton Haas (CEO),https://www.montis.nl,Yes,Yes,Yes,BIMobject,"Dutch upholstery specialist"
Arco,Europe,Netherlands,"Tables, Solid Wood",Jorre van Ast (Creative Director),https://www.arco.nl,Yes,Yes,Yes,BIMobject,"Dutch table specialist"
Extremis,Europe,Belgium,"Outdoor, Social Furniture",Dirk Wynants (Founder),https://www.extremis.com,Yes,Yes,Yes,BIMobject,"Belgian 'tools for togetherness' outdoor furniture"
Bulo,Europe,Belgium,"Office, Workstations",Christian Salez (CEO),https://www.bulo.com,Yes,Yes,Yes,BIMobject,"Belgian office furniture"
Tribù,Europe,Belgium,"Outdoor, High-end",Koen De Cock (CEO),https://www.tribu.com,Yes,Yes,Yes,BIMobject,"Belgian high-end outdoor furniture"
Bene,Europe,Austria,"Office Systems, Workspaces",Michael Fried (CEO),https://www.bene.com,Yes,Yes,Yes,BIMobject,"Austrian office furniture systems"
Team 7,Europe,Austria,"Solid Wood, Sustainable",Georg Emprechtinger (CEO),https://www.team7.at,Yes,Yes,Yes,BIMobject,"Austrian sustainable solid wood furniture"
Wittmann,Europe,Austria,"Upholstery, Residential",Heinz Hofer-Wittmann (CEO),https://www.wittmann.at,Yes,Yes,Yes,BIMobject,"Austrian upholstery specialist"
Punt,Europe,Spain,"Storage, Residential",Vicent Martínez (Founder),https://www.punt.es,Yes,Yes,Yes,Archiproducts,"Spanish storage furniture specialist"
Viccarbe,Europe,Spain,"Contract, Collaborative",Victor Carrasco (Founder),https://www.viccarbe.com,Yes,Yes,Yes,Archiproducts,"Spanish collaborative furniture"
Gandia Blasco,Europe,Spain,"Outdoor, Architectural",José A. Gandía-Blasco (CEO),https://www.gandiablasco.com,Yes,Yes,Yes,Archiproducts,"Spanish architectural outdoor furniture"
Vondom,Europe,Spain,"Outdoor, Rotomolded",José Albiñana (CEO),https://www.vondom.com,Yes,Yes,Yes,Archiproducts,"Spanish rotomolded outdoor furniture"
Expormim,Europe,Spain,"Rattan, Outdoor, Residential",Mercedes Laso (CEO),https://www.expormim.com,Yes,Yes,Yes,Archiproducts,"Spanish rattan furniture specialist"
BD Barcelona,Europe,Spain,"Art-Design, Limited Editions",Jordi Arnau (CEO),https://www.bdbarcelona.com,Yes,Yes,Yes,Archiproducts,"Spanish art-design furniture"
Santa & Cole,Europe,Spain,"Lighting, Urban Elements",Nina Masó (Founder),https://www.santacole.com,Yes,Yes,Yes,Archiproducts,"Spanish lighting and urban elements"
Nanimarquina,Europe,Spain,"Rugs, Textiles",Nani Marquina (Founder),https://www.nanimarquina.com,Yes,Yes,Yes,Archiproducts,"Spanish rug specialist"
Capdell,Europe,Spain,"Seating, Contract",Francisco Ortega (CEO),https://www.capdell.com,Yes,Yes,Yes,Archiproducts,"Spanish seating specialist"
Stua,Europe,Spain,"Residential, Contract",Jesús Gasca (Founder),https://www.stua.com,Yes,Yes,Yes,Archiproducts,"Spanish contemporary design"
Sancal,Europe,Spain,"Upholstery, Residential",Santiago Castaño (CEO),https://www.sancal.com,Yes,Yes,Yes,Archiproducts,"Spanish upholstery specialist"
Inclass,Europe,Spain,"Contract, Residential",Diego Vicedo (CEO),https://www.inclass.es,Yes,Yes,Yes,Archiproducts,"Spanish contemporary furniture"
Ondarreta,Europe,Spain,"Seating, Tables",Nadia Arratibel (CEO),https://www.ondarreta.com,Yes,Yes,Yes,Archiproducts,"Spanish seating and tables"
Treku,Europe,Spain,"Storage, Residential",Gorka Aldabaldetreku (CEO),https://www.treku.com,Yes,Yes,Yes,Archiproducts,"Spanish storage specialist"
Joquer,Europe,Spain,"Upholstery, Modular",Joaquim Brunet (CEO),https://www.joquer.com,Yes,Yes,Yes,Archiproducts,"Spanish modular upholstery"
Mobles 114,Europe,Spain,"Residential, Accessories",JM Massana (Founder),https://www.mobles114.com,Yes,Yes,Yes,Archiproducts,"Spanish design furniture"
Marset,Europe,Spain,"Lighting, Decorative",Javier Marset (CEO),https://www.marset.com,Yes,Yes,Yes,Archiproducts,"Spanish decorative lighting"
Benchmark,Europe,UK,"Solid Wood, Sustainable",Sean Sutcliffe (Founder),https://www.benchmarkfurniture.com,Yes,Yes,Yes,NBS BIM Library,"British sustainable solid wood furniture"
Ercol,Europe,UK,"Wooden Furniture, Residential",Edward Tadros (Chairman),https://www.ercol.com,Yes,Yes,Yes,NBS BIM Library,"British wooden furniture with heritage"
SCP,Europe,UK,"Residential, Upholstery",Sheridan Coakley (Founder),https://www.scp.co.uk,Yes,Yes,Yes,NBS BIM Library,"British contemporary furniture"
Allermuir,Europe,UK,"Contract, Collaborative",Mark Barrell (Design Director),https://www.allermuir.com,Yes,Yes,Yes,NBS BIM Library,"British collaborative furniture"
Hitch Mylius,Europe,UK,"Upholstery, Contract",Tristram Mylius (CEO),https://www.hitchmylius.co.uk,Yes,Yes,Yes,NBS BIM Library,"British upholstery specialist"
Deadgood,Europe,UK,"Contract, Residential",Elliot Brook (Founder),https://www.deadgoodltd.co.uk,Yes,Yes,Yes,NBS BIM Library,"British contemporary furniture"
Another Country,Europe,UK,"Solid Wood, Residential",Paul de Zwart (Founder),https://www.anothercountry.com,Yes,Yes,Yes,NBS BIM Library,"British solid wood furniture"
Modus,Europe,UK,"Contract, Residential",Jon Powell (Director),https://www.modusfurniture.co.uk,Yes,Yes,Yes,NBS BIM Library,"British contemporary furniture"
Established & Sons,Europe,UK,"Residential, Limited Editions",Sebastian Wrong (Design Director),https://www.establishedandsons.com,Yes,Yes,Yes,NBS BIM Library,"British limited edition design pieces"
Vitsœ,Europe,UK,"Shelving, Residential",Mark Adams (CEO),https://www.vitsoe.com,Yes,Yes,Yes,NBS BIM Library,"British modular shelving systems"
Bisley,Europe,UK,"Office Storage, Metal",Richard Costin (CEO),https://www.bisley.com,Yes,Yes,Yes,NBS BIM Library,"British metal storage specialist"
Orangebox,Europe,UK,"Office, Collaborative",Mino Vernaschi (CEO),https://www.orangebox.com,Yes,Yes,Yes,NBS BIM Library,"British collaborative office furniture"
Boss Design,Europe,UK,"Office, Seating",Brian Murray (CEO),https://www.bossdesign.com,Yes,Yes,Yes,NBS BIM Library,"British office seating specialist"
Naughtone,Europe,UK,"Collaborative, Soft Seating",Matt Welsh (CEO),https://www.naughtone.com,Yes,Yes,Yes,NBS BIM Library,"British collaborative furniture"
Poliform,Europe,Italy,"Residential, Storage, Kitchens",Alberto Spinelli (CEO),https://www.poliform.it,Yes,Yes,Yes,Archiproducts,"Italian high-end residential systems"
Rimadesio,Europe,Italy,"Architectural Glass, Doors, Storage",Davide Malberti (CEO),https://www.rimadesio.it,Yes,Yes,Yes,Archiproducts,"Italian architectural glass systems"
Porro,Europe,Italy,"Storage Systems, Residential",Maria Porro (President),https://www.porro.com,Yes,Yes,Yes,Archiproducts,"Italian storage systems specialist"
Living Divani,Europe,Italy,"Upholstery, Residential",Carola Bestetti (CEO),https://www.livingdivani.it,Yes,Yes,Yes,Archiproducts,"Italian upholstery specialist"
Tacchini,Europe,Italy,"Upholstery, Residential",Giusi Tacchini (CEO),https://www.tacchini.it,Yes,Yes,Yes,Archiproducts,"Italian upholstery specialist"
Lapalma,Europe,Italy,"Seating, Tables, Contract",Romano Marcato (CEO),https://www.lapalma.it,Yes,Yes,Yes,Archiproducts,"Italian seating and tables"
Fantoni,Europe,Italy,"Office Systems, Acoustic Panels",Paolo Fantoni (CEO),https://www.fantoni.it,Yes,Yes,Yes,Archiproducts,"Italian office systems and acoustic solutions"
Flou,Europe,Italy,"Beds, Bedroom",Massimiliano Messina (CEO),https://www.flou.it,Yes,Yes,Yes,Archiproducts,"Italian bed specialist"
Lago,Europe,Italy,"Modular Systems, Residential",Daniele Lago (CEO),https://www.lago.it,Yes,Yes,Yes,Archiproducts,"Italian modular furniture systems"
Kristalia,Europe,Italy,"Tables, Seating, Residential",Luciano Bertoncini (Designer),https://www.kristalia.it,Yes,Yes,Yes,Archiproducts,"Italian tables and seating"
Desalto,Europe,Italy,"Tables, Metal, Residential",Roberto De Santis (CEO),https://www.desalto.it,Yes,Yes,Yes,Archiproducts,"Italian metal furniture specialist"
Glas Italia,Europe,Italy,"Glass Furniture, Residential",Michele Tamborini (CEO),https://www.glasitalia.com,Yes,Yes,Yes,Archiproducts,"Italian glass furniture specialist"
MDF Italia,Europe,Italy,"Residential, Minimalist",Marco Cassina (CEO),https://www.mdfitalia.com,Yes,Yes,Yes,Archiproducts,"Italian minimalist furniture"
Lema,Europe,Italy,"Storage Systems, Residential",Angelo Meroni (President),https://www.lemamobili.com,Yes,Yes,Yes,Archiproducts,"Italian storage systems specialist"
Paola C.,Europe,Italy,"Tableware, Accessories",Paola Coin (Founder),https://www.paolac.com,Yes,Yes,Yes,Archiproducts,"Italian tableware and accessories"
Frag,Europe,Italy,"Leather Furniture, Residential",Franco Di Fonzo (CEO),https://www.frag.it,Yes,Yes,Yes,Archiproducts,"Italian leather furniture specialist"
Gervasoni,Europe,Italy,"Residential, Natural Materials",Giovanni Gervasoni (CEO),https://www.gervasoni1882.it,Yes,Yes,Yes,Archiproducts,"Italian natural materials furniture"
Meridiani,Europe,Italy,"Residential, Upholstery",Renato Crosti (CEO),https://www.meridiani.it,Yes,Yes,Yes,Archiproducts,"Italian upholstery specialist"
Baxter,Europe,Italy,"Leather Upholstery, Residential",Paolo Bestetti (CEO),https://www.baxter.it,Yes,Yes,Yes,Archiproducts,"Italian leather upholstery specialist"
Ceccotti Collezioni,Europe,Italy,"Wooden Furniture, Artisanal",Franco Ceccotti (Founder),https://www.ceccotticollezioni.it,Yes,Yes,Yes,Archiproducts,"Italian artisanal wooden furniture"
Riva 1920,Europe,Italy,"Solid Wood, Sustainable",Maurizio Riva (CEO),https://www.riva1920.it,Yes,Yes,Yes,Archiproducts,"Italian sustainable solid wood furniture"
Cattelan Italia,Europe,Italy,"Tables, Residential",Paolo Cattelan (CEO),https://www.cattelanitalia.com,Yes,Yes,Yes,Archiproducts,"Italian table specialist"
Calligaris,Europe,Italy,"Residential, Contract",Stefano Rosa Uliana (CEO),https://www.calligaris.com,Yes,Yes,Yes,Archiproducts,"Italian residential and contract furniture"
Pedrali,Europe,Italy,"Contract, Seating, Tables",Monica Pedrali (CEO),https://www.pedrali.it,Yes,Yes,Yes,Archiproducts,"Italian contract furniture"
Midj,Europe,Italy,"Seating, Tables, Residential",Paolo Vernier (CEO),https://www.midj.com,Yes,Yes,Yes,Archiproducts,"Italian seating and tables"
Tonin Casa,Europe,Italy,"Residential, Contemporary",Mauro Tonin (CEO),https://www.tonincasa.it,Yes,Yes,Yes,Archiproducts,"Italian contemporary furniture"
Bonaldo,Europe,Italy,"Residential, Tables, Beds",Alberto Bonaldo (CEO),https://www.bonaldo.it,Yes,Yes,Yes,Archiproducts,"Italian tables and beds specialist"
Pianca,Europe,Italy,"Residential Systems, Wardrobes",Aldo Pianca (CEO),https://www.pianca.com,Yes,Yes,Yes,Archiproducts,"Italian residential systems"
Porada,Europe,Italy,"Wooden Furniture, Residential",Stefano Allievi (CEO),https://www.porada.it,Yes,Yes,Yes,Archiproducts,"Italian wooden furniture specialist"
Potocco,Europe,Italy,"Residential, Contract, Outdoor",Antonino Potocco (President),https://www.potocco.it,Yes,Yes,Yes,Archiproducts,"Italian residential and contract furniture"
Roda,Europe,Italy,"Outdoor, Residential",Daniele Pompa (CEO),https://www.rodaonline.com,Yes,Yes,Yes,Archiproducts,"Italian outdoor furniture specialist"
Varaschin,Europe,Italy,"Outdoor, Woven",Stefano Giust (CEO),https://www.varaschin.it,Yes,Yes,Yes,Archiproducts,"Italian outdoor woven furniture"
Ethimo,Europe,Italy,"Outdoor, Teak",Gian Paolo Migliaccio (CEO),https://www.ethimo.com,Yes,Yes,Yes,Archiproducts,"Italian outdoor furniture"
Fast,Europe,Italy,"Outdoor, Aluminum",Marco Levrangi (CEO),https://www.fastspa.com,Yes,Yes,Yes,Archiproducts,"Italian aluminum outdoor furniture"
Slide,Europe,Italy,"Rotomolded, Outdoor, Lighting",Giò Colonna Romano (CEO),https://www.slidedesign.it,Yes,Yes,Yes,Archiproducts,"Italian rotomolded furniture and lighting"
Plank,Europe,Italy,"Contract, Residential",Michael Plank (CEO),https://www.plank.it,Yes,Yes,Yes,Archiproducts,"Italian contract and residential furniture"
Billiani,Europe,Italy,"Wooden Seating, Contract",Luigi Billiani (CEO),https://www.billiani.it,Yes,Yes,Yes,Archiproducts,"Italian wooden seating specialist"
Mattiazzi,Europe,Italy,"Wooden Seating, Artisanal",Nevio Mattiazzi (Founder),https://www.mattiazzi.eu,Yes,Yes,Yes,Archiproducts,"Italian artisanal wooden seating"
Sitland,Europe,Italy,"Office Seating, Acoustic",Alberto Snichelotto (CEO),https://www.sitland.com,Yes,Yes,Yes,Archiproducts,"Italian office seating specialist"
Ditre Italia,Europe,Italy,"Upholstery, Residential",Michele De Marchi (CEO),https://www.ditreitalia.com,Yes,Yes,Yes,Archiproducts,"Italian upholstery specialist"
Flexsteel,North America,USA,"Residential, Contract, Upholstery",Derek Schmidt (CEO),https://www.flexsteel.com,Yes,Yes,Yes,Revit City,"American upholstery specialist"
La-Z-Boy,North America,USA,"Residential, Recliners",Melinda Whittington (CEO),https://www.la-z-boy.com,Yes,Yes,No,3Dwarehouse,"American recliner specialist"
Ashley Furniture,North America,USA,"Residential, Mass Market",Todd Wanek (CEO),https://www.ashleyfurniture.com,Yes,Yes,No,3Dwarehouse,"World's largest furniture manufacturer"
Havertys,North America,USA,"Residential, Traditional",Clarence Smith (CEO),https://www.havertys.com,Yes,No,No,3Dwarehouse,"American traditional furniture retailer"
Ethan Allen,North America,USA,"Residential, Traditional",Farooq Kathwari (CEO),https://www.ethanallen.com,Yes,Yes,No,3Dwarehouse,"American traditional furniture"
Baker Furniture,North America,USA,"Residential, High-end",Russell Towner (President),https://www.bakerfurniture.com,Yes,Yes,Yes,Revit City,"American high-end furniture"
Bernhardt,North America,USA,"Residential, Contract",Alex Bernhardt Jr. (CEO),https://www.bernhardt.com,Yes,Yes,Yes,Revit City,"American residential and contract furniture"
Century Furniture,North America,USA,"Residential, High-end",Alex Shuford III (CEO),https://www.centuryfurniture.com,Yes,Yes,Yes,Revit City,"American high-end furniture"
Kimball International,North America,USA,"Office, Healthcare, Hospitality",Kristie Juster (CEO),https://www.kimballinternational.com,Yes,Yes,Yes,Revit City,"American contract furniture"
HBF (Hickory Business Furniture),North America,USA,"Contract, Healthcare",Dan Chong (President),https://www.hbf.com,Yes,Yes,Yes,Revit City,"American healthcare furniture specialist"
Geiger,North America,USA,"Executive Office, Wood",Tim Straker (President),https://www.geigerfurniture.com,Yes,Yes,Yes,Herman Miller,"American executive office furniture (Herman Miller brand)"
Nemschoff,North America,USA,"Healthcare, Seating",Dave Raysich (President),https://www.nemschoff.com,Yes,Yes,Yes,Herman Miller,"American healthcare seating specialist (Herman Miller brand)"
Davis Furniture,North America,USA,"Contract, Contemporary",Danny Davis (CEO),https://www.davisfurniture.com,Yes,Yes,Yes,Revit City,"American contemporary contract furniture"
Gunlocke,North America,USA,"Executive Office, Wood",Don Mead (President),https://www.gunlocke.com,Yes,Yes,Yes,Revit City,"American executive office furniture"
Keilhauer,North America,Canada,"Office Seating, Collaborative",Mike Keilhauer (President),https://www.keilhauer.com,Yes,Yes,Yes,Revit City,"Canadian office seating specialist"
Global Furniture Group,North America,Canada,"Office, Education, Healthcare",Joel Feldberg (CEO),https://www.globalfurnituregroup.com,Yes,Yes,Yes,Revit City,"Canadian contract furniture"
EQ3,North America,Canada,"Residential, Contemporary",Peter Tielmann (CEO),https://www.eq3.com,Yes,Yes,No,None,"Canadian contemporary furniture"
Nienkämper,North America,Canada,"Contract, Conference",Klaus Nienkämper (Founder),https://www.nienkamper.com,Yes,Yes,Yes,Revit City,"Canadian conference furniture specialist"
Krug,North America,Canada,"Healthcare, Office",Bill Krug (CEO),https://www.krug.ca,Yes,Yes,Yes,Revit City,"Canadian healthcare and office furniture"
Mobican,North America,Canada,"Residential, Bedroom",Pierre Sunderland (President),https://www.mobican.com,Yes,No,No,None,"Canadian bedroom furniture specialist"
Artopex,North America,Canada,"Office Systems, Seating",Daniel Pelletier (CEO),https://www.artopex.com,Yes,Yes,Yes,Revit City,"Canadian office furniture systems"
Allsteel,North America,USA,"Office, Collaborative",Brandon Sieben (President),https://www.allsteeloffice.com,Yes,Yes,Yes,HNI,"American office furniture (HNI brand)"
HON,North America,USA,"Office, Value",Brandon Sieben (President),https://www.hon.com,Yes,Yes,Yes,HNI,"American value office furniture (HNI brand)"
Nitori,Asia,Japan,"Residential, Mass Market",Akio Nitori (Founder & CEO),https://www.nitori.co.jp,Yes,No,No,None,"Japanese mass market furniture retailer"
Itoki,Asia,Japan,"Office, Education",Yoshiro Yamamoto (President),https://www.itoki.jp,Yes,Yes,Yes,BIMsmith,"Japanese office and education furniture"
Kokuyo,Asia,Japan,"Office, Education",Hidekuni Kuroda (President),https://www.kokuyo.com,Yes,Yes,Yes,BIMsmith,"Japanese office furniture and stationery"
Plus Corporation,Asia,Japan,"Office, Education",Kazuhiko Fukuoka (President),https://www.plus.co.jp,Yes,Yes,Yes,BIMsmith,"Japanese office furniture and supplies"
Takara Belmont,Asia,Japan,"Salon, Healthcare",Hidetaka Yoshikawa (CEO),https://www.takarabelmont.co.jp,Yes,Yes,Yes,BIMsmith,"Japanese salon and healthcare furniture"
Tendo Mokko,Asia,Japan,"Wooden Furniture, Artisanal",Kazuhiro Fujita (President),https://www.tendo-mokko.co.jp,Yes,No,No,None,"Japanese artisanal wooden furniture"
Kotobuki Seating,Asia,Japan,"Public Seating, Auditorium",Takashi Yamaguchi (President),https://www.kotobuki-seating.co.jp,Yes,Yes,Yes,BIMsmith,"Japanese public seating specialist"
Takenaka Komuten,Asia,Japan,"Contract, Office",Masato Takenaka (President),https://www.takenaka.co.jp,Yes,Yes,Yes,BIMsmith,"Japanese contract furniture"
Time & Style,Asia,Japan,"Residential, Wooden Furniture",Ryutaro Yoshida (Founder),https://www.timeandstyle.com,Yes,No,No,None,"Japanese high-end wooden furniture"
Hida Sangyo,Asia,Japan,"Wooden Furniture, Residential",Toshiyuki Nishigaki (President),https://www.hidasangyo.com,Yes,No,No,None,"Japanese wooden furniture specialist"
Karimoku Furniture,Asia,Japan,"Wooden Furniture, Residential",Hiroshi Kato (President),https://www.karimoku.com,Yes,Yes,No,None,"Japanese wooden furniture manufacturer"
Nissin Furniture,Asia,Japan,"Office, Healthcare",Takashi Okamoto (President),https://www.nissin-mokkou.co.jp,Yes,Yes,Yes,BIMsmith,"Japanese office and healthcare furniture"
Takumi Kohgei,Asia,Japan,"Wooden Furniture, Artisanal",Noboru Igarashi (President),https://www.takumikohgei.co.jp,Yes,No,No,None,"Japanese artisanal wooden furniture"
MUJI (Ryohin Keikaku),Asia,Japan,"Residential, Minimalist",Satoru Matsuzaki (President),https://www.muji.com,Yes,Yes,No,None,"Japanese minimalist furniture and lifestyle products"
Sunon,Asia,China,"Office, Commercial",Wu Xiangdong (CEO),https://www.sunonglobal.com,Yes,Yes,Yes,BIMsmith,"Chinese office furniture manufacturer"
Lamex,Asia,China,"Office Systems, Seating",Rex Dai (CEO),https://www.lamexfurniture.com,Yes,Yes,Yes,BIMsmith,"Chinese office furniture systems"
UE Furniture,Asia,China,"Office, Education",Zhang Jianwei (CEO),https://www.uefurniture.com,Yes,Yes,Yes,BIMsmith,"Chinese office and education furniture"
Kinwai,Asia,China,"Residential, Upholstery",Huang Shaoxiang (CEO),https://www.kinwai.com,Yes,No,No,None,"Chinese upholstery manufacturer"
Quama,Asia,China,"Office, Commercial",Li Qiang (CEO),https://www.quama.com.cn,Yes,Yes,Yes,BIMsmith,"Chinese office furniture manufacturer"
Fursys,Asia,South Korea,"Office, Commercial",Choi Myung-hee (CEO),https://www.fursys.com,Yes,Yes,Yes,BIMsmith,"Korean office furniture manufacturer"
Sidiz,Asia,South Korea,"Office Seating, Ergonomic",Cho Hyun-jong (CEO),https://www.sidiz.com,Yes,Yes,Yes,BIMsmith,"Korean ergonomic seating specialist"
Kuka Home,Asia,China,"Residential, Upholstery",Gu Yuhua (CEO),https://www.kukahome.com,Yes,No,No,None,"Chinese upholstery manufacturer"
Godrej Interio,Asia,India,"Office, Residential, Storage",Anil Mathur (COO),https://www.godrejinterio.com,Yes,Yes,Yes,BIMsmith,"Indian furniture and storage solutions"
Featherlite,Asia,India,"Office, Education",Manohar Gopal (CEO),https://www.featherlite.com,Yes,Yes,Yes,BIMsmith,"Indian office and education furniture"
Zuari Furniture,Asia,India,"Residential, Modular",Jyoti Deshpande (CEO),https://www.zuarifurniture.com,Yes,No,No,None,"Indian modular furniture"
Nilkamal,Asia,India,"Plastic, Residential, Commercial",Sharad Parekh (CEO),https://www.nilkamal.com,Yes,No,No,None,"Indian plastic furniture manufacturer"
Durian,Asia,India,"Residential, Upholstery",Sajjan Rungta (CEO),https://www.durianfurniture.com,Yes,No,No,None,"Indian upholstery specialist"
Spacewood,Asia,India,"Modular, Residential, Office",Kirit Joshi (CEO),https://www.spacewood.in,Yes,No,No,None,"Indian modular furniture manufacturer"
Hairu,Asia,China,"Office, Education",Wang Hairu (CEO),https://www.hairufurniture.com,Yes,Yes,Yes,BIMsmith,"Chinese office and education furniture"
Merryfair,Asia,Singapore,"Office Seating, Commercial",Desmond Tan (CEO),https://www.merryfair.com,Yes,Yes,Yes,BIMsmith,"Singaporean office seating manufacturer"
Kian,Asia,Malaysia,"Contract, Hospitality, Outdoor",Kee Kok Thiam (CEO),https://www.kian.com,Yes,Yes,Yes,BIMsmith,"Malaysian contract and outdoor furniture"
Benel,Asia,Singapore,"Office, Commercial",Nelson Tan (CEO),https://www.benel.com.sg,Yes,Yes,Yes,BIMsmith,"Singaporean office furniture manufacturer"
Bristol,Asia,Philippines,"Office, Commercial",Jim Chua (CEO),https://www.bristol.ph,Yes,Yes,Yes,BIMsmith,"Filipino office furniture manufacturer"
Deesawat,Asia,Thailand,"Outdoor, Teak",Jirachai Tangkijngamwong (CEO),https://www.deesawat.com,Yes,Yes,Yes,BIMsmith,"Thai outdoor teak furniture manufacturer"
Mobel Furniture,Asia,Indonesia,"Residential, Wooden Furniture",Hendri Wijaya (CEO),https://www.mobelfurniture.co.id,Yes,No,No,None,"Indonesian wooden furniture manufacturer"
Jarken Group,Asia,Thailand,"Office, Hospitality",Sasivimol Sinthawanarong (CEO),https://www.jarken.net,Yes,Yes,Yes,BIMsmith,"Thai office and hospitality furniture"
Artifurn,Asia,Malaysia,"Hospitality, Contract",Dato' Lim Kok Boon (CEO),https://www.artifurn.com,Yes,Yes,Yes,BIMsmith,"Malaysian hospitality furniture manufacturer"
King Living,Oceania,Australia,"Residential, Upholstery",David King (Founder),https://www.kingliving.com.au,Yes,Yes,Yes,BIMsmith,"Australian upholstery specialist"
Jardan,Oceania,Australia,"Residential, Sustainable",Nick Garnham (CEO),https://www.jardan.com.au,Yes,Yes,Yes,BIMsmith,"Australian sustainable furniture"
Workspace Commercial Furniture,Oceania,Australia,"Office, Education, Healthcare",Tom Clark (CEO),https://www.workspacefurniture.com.au,Yes,Yes,Yes,BIMsmith,"Australian commercial furniture"
Zenith Interiors,Oceania,Australia,"Office, Commercial",Greg McDonell (CEO),https://www.zenithinteriors.com,Yes,Yes,Yes,BIMsmith,"Australian commercial furniture"
Stylecraft,Oceania,Australia,"Contract, Residential",Anthony Collins (CEO),https://www.stylecraft.com.au,Yes,Yes,Yes,BIMsmith,"Australian contract furniture"
Thinking Works,Oceania,Australia,"Office, Tables",Dean Kuch (CEO),https://www.thinkingw.com,Yes,Yes,Yes,BIMsmith,"Australian office table specialist"
Tait,Oceania,Australia,"Outdoor, Residential, Commercial",Gordon Tait (Founder),https://www.madebytait.com.au,Yes,Yes,Yes,BIMsmith,"Australian outdoor furniture"
Designcraft,Oceania,Australia,"Contract, Residential",Barbara Rogers (CEO),https://www.designcraft.com.au,Yes,Yes,Yes,BIMsmith,"Australian contract and residential furniture"
Nonn,Oceania,New Zealand,"Office, Commercial",Blair McKolskey (CEO),https://www.nonn.co.nz,Yes,Yes,Yes,BIMsmith,"New Zealand commercial furniture"
Città,Oceania,New Zealand,"Residential, Lifestyle",Margot Acland (CEO),https://www.cittadesign.com,Yes,No,No,None,"New Zealand residential furniture"
Resident,Oceania,New Zealand,"Lighting, Furniture",Simon James (Co-founder),https://www.resident.co.nz,Yes,Yes,Yes,BIMsmith,"New Zealand lighting and furniture"
David Shaw,Oceania,New Zealand,"Residential, Upholstery",David Shaw (Founder),https://www.davidshaw.co.nz,Yes,No,No,None,"New Zealand upholstery specialist"
Formway,Oceania,New Zealand,"Office Seating, Design",Kent Parker (CEO),https://www.formway.com,Yes,Yes,Yes,BIMsmith,"New Zealand office seating design"
Mobilia,Africa,South Africa,"Contract, Residential",Alon Sachs (CEO),https://www.mobilia.co.za,Yes,Yes,Yes,BIMsmith,"South African contract and residential furniture"
Ergoform,Africa,South Africa,"Office, Ergonomic",Danie van Niekerk (CEO),https://www.ergoform.co.za,Yes,Yes,Yes,BIMsmith,"South African ergonomic office furniture"
Woodbender,Africa,South Africa,"Wooden Furniture, Seating",Charles Mast (CEO),https://www.woodbender.co.za,Yes,No,No,None,"South African wooden seating specialist"
Pedersen + Lennard,Africa,South Africa,"Residential, Commercial",Luke Pedersen (Co-founder),https://www.pedersenlennard.co.za,Yes,No,No,None,"South African furniture design"
Houtlander,Africa,South Africa,"Wooden Furniture, Residential",Phillip Hollander (Co-founder),https://www.houtlander.co.za,Yes,No,No,None,"South African wooden furniture"
Tonic Design,Africa,South Africa,"Residential, Custom",Greg Gamble (Co-founder),https://www.tonicdesign.co.za,Yes,No,No,None,"South African custom furniture design"
Mezzanine,Africa,Kenya,"Contract, Residential",Dudley Currie (CEO),https://www.mezzanineinteriors.co.ke,Yes,No,No,None,"Kenyan contract and residential furniture"
Saba Italia,Europe,Italy,"Upholstery, Residential",Amelia Pegorin (CEO),https://www.sabaitalia.it,Yes,Yes,Yes,Archiproducts,"Italian upholstery specialist"
Maxalto,Europe,Italy,"Residential, High-end",Antonio Citterio (Designer),https://www.maxalto.it,Yes,Yes,Yes,Archiproducts,"Italian high-end furniture (B&B Italia brand)"
Azucena,Europe,Italy,"Residential, Classic Design",Luigi Caccia Dominioni (Founder),https://www.azucena.it,Yes,Yes,Yes,Archiproducts,"Italian classic design furniture"
Acerbis,Europe,Italy,"Storage, Residential",Enrico Acerbis (CEO),https://www.acerbisinternational.com,Yes,Yes,Yes,Archiproducts,"Italian storage specialist"
Agape,Europe,Italy,"Bathroom, Fixtures",Emanuele Benedini (CEO),https://www.agapedesign.it,Yes,Yes,Yes,Archiproducts,"Italian bathroom furniture and fixtures"
Alias Design,Europe,Italy,"Residential, Contract",Andrea Sanguineti (Design Director),https://www.alias.design,Yes,Yes,Yes,Archiproducts,"Italian design furniture"
Alessi,Europe,Italy,"Accessories, Tableware",Alberto Alessi (President),https://www.alessi.com,Yes,Yes,Yes,Archiproducts,"Italian design accessories and tableware"
Alpi,Europe,Italy,"Wood Surfaces, Veneers",Vittorio Alpi (CEO),https://www.alpi.it,Yes,Yes,Yes,Archiproducts,"Italian wood surfaces and veneers"
Amura,Europe,Italy,"Upholstery, Residential",Emanuel Gargano (Designer),https://www.amuralab.com,Yes,Yes,Yes,Archiproducts,"Italian upholstery specialist"
Andreu World,Europe,Spain,"Seating, Contract",Jesus Llinares (CEO),https://www.andreuworld.com,Yes,Yes,Yes,Archiproducts,"Spanish seating specialist"
Arflex,Europe,Italy,"Upholstery, Residential",Marco Piva (Designer),https://www.arflex.it,Yes,Yes,Yes,Archiproducts,"Italian upholstery specialist"
Artek,Europe,Finland,"Residential, Contract",Marianne Goebl (CEO),https://www.artek.fi,Yes,Yes,Yes,BIMscript,"Finnish design furniture"
Artemide,Europe,Italy,"Lighting, Architectural",Carlotta de Bevilacqua (CEO),https://www.artemide.com,Yes,Yes,Yes,Archiproducts,"Italian lighting manufacturer"
Atelier Vierkant,Europe,Belgium,"Ceramics, Planters",Dries Janssens (CEO),https://www.ateliervierkant.com,Yes,Yes,Yes,BIMobject,"Belgian ceramic planters"
Axor,Europe,Germany,"Bathroom Fixtures",Anke Sohn (Head of Global Brand),https://www.axor-design.com,Yes,Yes,Yes,BIMobject,"German bathroom fixtures (Hansgrohe brand)"
B-Line,Europe,Italy,"Residential, Storage",Dan Graboi (CEO),https://www.b-line.it,Yes,Yes,Yes,Archiproducts,"Italian storage furniture"
Baleri Italia,Europe,Italy,"Residential, Experimental",Sebastiano Baleri (CEO),https://www.baleri-italia.it,Yes,Yes,Yes,Archiproducts,"Italian experimental furniture"
Barlow Tyrie,Europe,UK,"Outdoor, Teak",Mark Tyrie (CEO),https://www.teak.com,Yes,Yes,Yes,NBS BIM Library,"British outdoor teak furniture"
Bassam Fellows,North America,USA,"Residential, Crafted",Craig Bassam (Co-founder),https://www.bassamfellows.com,Yes,No,No,None,"American crafted furniture"
Bensen,North America,Canada,"Residential, Minimalist",Niels Bendtsen (Founder),https://www.bensen.ca,Yes,No,No,None,"Canadian minimalist furniture"
Berhardt Furniture,North America,USA,"Residential, Traditional",Alex Bernhardt Jr. (CEO),https://www.bernhardt.com,Yes,Yes,Yes,Revit City,"American traditional furniture"
Blu Dot,North America,USA,"Residential, Contemporary",John Christakos (Co-founder),https://www.bludot.com,Yes,Yes,No,3Dwarehouse,"American contemporary furniture"
Bover,Europe,Spain,"Lighting, Decorative",Joana Bover (Founder),https://www.bover.es,Yes,Yes,Yes,Archiproducts,"Spanish decorative lighting"
Branca Lisboa,Europe,Portugal,"Wooden Furniture, Artisanal",Marco Sousa Santos (Founder),https://www.branca-lisboa.com,Yes,No,No,None,"Portuguese artisanal wooden furniture"
Brdr. Krüger,Europe,Denmark,"Wooden Furniture, Crafted",Jonas Krüger (CEO),https://www.brdr-kruger.com,Yes,Yes,Yes,BIMscript,"Danish crafted wooden furniture"
Brühl,Europe,Germany,"Upholstery, Residential",Roland Meyer-Brühl (CEO),https://www.bruehl.com,Yes,Yes,Yes,BIMobject,"German upholstery specialist"
Buzzispace,Europe,Belgium,"Acoustic, Office",Steve Symons (Founder),https://www.buzzi.space,Yes,Yes,Yes,BIMobject,"Belgian acoustic office solutions"
Camira,Europe,UK,"Textiles, Contract",Grant Russell (CEO),https://www.camirafabrics.com,Yes,Yes,Yes,NBS BIM Library,"British contract textiles"
Cane-line,Europe,Denmark,"Outdoor, Residential",Brian Djernes (CEO),https://www.cane-line.com,Yes,Yes,Yes,BIMscript,"Danish outdoor furniture"
Carl Hansen & Søn,Europe,Denmark,"Wooden Furniture, Residential",Knud Erik Hansen (CEO),https://www.carlhansen.com,Yes,Yes,Yes,BIMscript,"Danish wooden furniture manufacturer"
Ceccotti Collezioni,Europe,Italy,"Wooden Furniture, Artisanal",Franco Ceccotti (Founder),https://www.ceccotticollezioni.it,Yes,Yes,Yes,Archiproducts,"Italian artisanal wooden furniture"
Crassevig,Europe,Italy,"Seating, Contract",Alfio Crassevig (CEO),https://www.crassevig.com,Yes,Yes,Yes,Archiproducts,"Italian seating specialist"
Dauphin,Europe,Germany,"Office Seating, Ergonomic",Antje Dauphin (CEO),https://www.dauphin.de,Yes,Yes,Yes,BIMobject,"German ergonomic office seating"
De La Espada,Europe,Portugal,"Solid Wood, Residential",Luis De Oliveira (Co-founder),https://www.delaespada.com,Yes,Yes,Yes,BIMobject,"Portuguese solid wood furniture"
De Padova,Europe,Italy,"Residential, Minimalist",Roberto Gavazzi (CEO),https://www.depadova.com,Yes,Yes,Yes,Archiproducts,"Italian minimalist furniture"
Dedon,Europe,Germany,"Outdoor, Woven",Sonja van der Hagen (CEO),https://www.dedon.de,Yes,Yes,Yes,BIMobject,"German outdoor woven furniture"
Desalto,Europe,Italy,"Tables, Metal",Roberto De Santis (CEO),https://www.desalto.it,Yes,Yes,Yes,Archiproducts,"Italian table specialist"
Design Within Reach,North America,USA,"Residential, Modern Classics",John Edelman (CEO),https://www.dwr.com,Yes,Yes,No,3Dwarehouse,"American modern classics retailer"
Diesel Living with Moroso,Europe,Italy,"Residential, Fashion",Andrea Rosso (Creative Director),https://www.diesel.com/living,Yes,Yes,Yes,Archiproducts,"Italian fashion-inspired furniture"
Dornbracht,Europe,Germany,"Bathroom, Kitchen Fixtures",Andreas Dornbracht (CEO),https://www.dornbracht.com,Yes,Yes,Yes,BIMobject,"German bathroom and kitchen fixtures"
Driade,Europe,Italy,"Residential, Eclectic",Giuseppe Di Nuccio (CEO),https://www.driade.com,Yes,Yes,Yes,Archiproducts,"Italian eclectic furniture"
Duravit,Europe,Germany,"Bathroom, Fixtures",Stephan Tahy (CEO),https://www.duravit.com,Yes,Yes,Yes,BIMobject,"German bathroom fixtures and furniture"